id;ug_id;ug_sigla;ug_nome;ug_tipo;sequencia_ug;uorg_codigo;uorg_sigla;comissao_designacao;processo_sei;processo_sei_link;bens_acautelados_doc;bens_acautelados_link;relatorios_sgp;relatorio_uorg;relatorio_final_ug;status_fase;data_limite_cautela;data_limite_final
1;1;DIREX;DIRETORIA EXECUTIVA;DIRETORIA;1;29423;DPAT-ENTRADA;;08016.021545/2026-30;;;;;;;PROCESSO_AUTUADO;2026-08-31;2026-11-30
2;1;DIREX;DIRETORIA EXECUTIVA;DIRETORIA;2;34964;GABSEC;;08016.021546/2026-84;;Declaração de Cautelas de Bens - GABSEC (SEI nº 36343210);;;;;CAUTELA_INFORMADA;2026-08-31;2026-11-30
3;1;DIREX;DIRETORIA EXECUTIVA;DIRETORIA;3;34965;ESPEN;;08016.021547/2026-29;;;;;;;PROCESSO_AUTUADO;2026-08-31;2026-11-30
4;1;DIREX;DIRETORIA EXECUTIVA;DIRETORIA;4;34966;ONASP;;08016.021548/2026-73;;;;;;;PROCESSO_AUTUADO;2026-08-31;2026-11-30
5;1;DIREX;DIRETORIA EXECUTIVA;DIRETORIA;5;34967;COGER;;08016.021550/2026-42;;;;;;;PROCESSO_AUTUADO;2026-08-31;2026-11-30
6;1;DIREX;DIRETORIA EXECUTIVA;DIRETORIA;6;34969;ACGE;;08016.021551/2026-97;;Declaração de Cautela de Bens - ACGE (atualizada) (SEI nº 36333732);;;;;CAUTELA_INFORMADA;2026-08-31;2026-11-30
7;1;DIREX;DIRETORIA EXECUTIVA;DIRETORIA;7;34970;CODAA;;08016.021559/2026-53;;Declaração de Cautela (SEI nº 36278207);;;;;CAUTELA_INFORMADA;2026-08-31;2026-11-30
8;1;DIREX;DIRETORIA EXECUTIVA;DIRETORIA;8;34971;DCOM;;08016.021552/2026-31;;Declaração de Cautela Bens Patrimoniais - DCOM (SEI nº 36252008);;;;;CAUTELA_INFORMADA;2026-08-31;2026-11-30
9;1;DIREX;DIRETORIA EXECUTIVA;DIRETORIA;9;34973;DIREX;;08016.021396/2026-17;;;;;;;PROCESSO_AUTUADO;2026-08-31;2026-11-30
10;1;DIREX;DIRETORIA EXECUTIVA;DIRETORIA;10;34974;COASP;;08016.021394/2026-10;https://sei.mj.gov.br/sei/controlador.php?acao=procedimento_trabalhar&acao_origem=rel_bloco_protocolo_listar&acao_retorno=rel_bloco_protocolo_listar&id_procedimento=41767330&id_bloco=776245&infra_sistema=100000100&infra_unidade_atual=110002723&infra_hash=6c3dc37129c34e9ff578c3d11e01273d6b24d860479375c15d17b4675ca58e53;;;;;;PROCESSO_AUTUADO;2026-08-31;2026-11-30
11;1;DIREX;DIRETORIA EXECUTIVA;DIRETORIA;11;34975;CGOF;1 - Thalles da Paz Moreira, matrícula SIAPE nº 2075005;08016.021127/2026-42;https://sei.mj.gov.br/sei/controlador.php?acao=procedimento_trabalhar&acao_origem=rel_bloco_protocolo_listar&acao_retorno=rel_bloco_protocolo_listar&id_procedimento=41750108&id_bloco=776245&infra_sistema=100000100&infra_unidade_atual=110002723&infra_hash=3cec0301f8faf2fa1f021d25b6eea75a84ffb763e1c14c4932437988f2a883a8;Declaração de Cautela de Bens Patrimoniais - CGOF (SEI nº 36315863);;;;;CAUTELA_INFORMADA;2026-08-31;2026-11-30
12;1;DIREX;DIRETORIA EXECUTIVA;DIRETORIA;12;34976;DIFIN;;08016.021269/2026-18;https://sei.mj.gov.br/sei/controlador.php?acao=procedimento_trabalhar&acao_origem=rel_bloco_protocolo_listar&acao_retorno=rel_bloco_protocolo_listar&id_procedimento=41751005&id_bloco=776245&infra_sistema=100000100&infra_unidade_atual=110002723&infra_hash=19c945fa727c32fe9231390867b012814b25afd14d9b450aae84b5ca410375ab;Declaração de Cautela de Bens Patrimoniais - DIFIN (SEI nº 36167438);;;;;CAUTELA_INFORMADA;2026-08-31;2026-11-30
13;1;DIREX;DIRETORIA EXECUTIVA;DIRETORIA;13;34977;DIEOR;;08016.021153/2026-71;https://sei.mj.gov.br/sei/controlador.php?acao=procedimento_trabalhar&acao_origem=rel_bloco_protocolo_listar&acao_retorno=rel_bloco_protocolo_listar&id_procedimento=41751123&id_bloco=776245&infra_sistema=100000100&infra_unidade_atual=110002723&infra_hash=18bf660a1c7060a66bfc12100e52346f6d936a4bb6307830e08514eec76214a0;Declaração de Cautela de Bens Patrimoniais - DIEOR (SEI nº 36174326);;;;;CAUTELA_INFORMADA;2026-08-31;2026-11-30
14;1;DIREX;DIRETORIA EXECUTIVA;DIRETORIA;14;34978;SEDIPA;;08016.021154/2026-15;;Declaração de Cautela de Bens Patrimoniais - SEDIPA (SEI nº 36173922);;;;;CAUTELA_INFORMADA;2026-08-31;2026-11-30
15;1;DIREX;DIRETORIA EXECUTIVA;DIRETORIA;15;34979;CGGP;2 - Anselmo Soares da Silva;08016.021559/2026-53;;Declaração de Cautela de Bens Patrimoniais-CGGP-SENAPPEN (SEI nº 36243635);;;;;CAUTELA_INFORMADA;2026-08-31;2026-11-30
16;1;DIREX;DIRETORIA EXECUTIVA;DIRETORIA;16;34980;DAJUR;;08016.021570/2026-13;;Declaração cautela de bens - DAJUR (SEI nº 36639609);;;;;CAUTELA_INFORMADA;2026-08-31;2026-11-30
17;1;DIREX;DIRETORIA EXECUTIVA;DIRETORIA;17;34981;COAP;;08016.021571/2026-68;;Declaração de Bens Acautelados COAP (SEI nº 36561102);;;;;CAUTELA_INFORMADA;2026-08-31;2026-11-30
18;1;DIREX;DIRETORIA EXECUTIVA;DIRETORIA;18;34982;DPAG;;08016.021572/2026-11;;;;;;;PROCESSO_AUTUADO;2026-08-31;2026-11-30
19;1;DIREX;DIRETORIA EXECUTIVA;DIRETORIA;19;91393;CSD;;08016.021573/2026-57;;Declaração de Cautela de Bens - CSD (SEI nº 36342556);;;;;CAUTELA_INFORMADA;2026-08-31;2026-11-30
20;1;DIREX;DIRETORIA EXECUTIVA;DIRETORIA;20;34984;CGLIC;3 - Giovanna Martins de Souza , matrícula nº  2251342;08016.021367/2026-47;;Declaração de Cautela e Bens Patrimoniais - CGLIC (SEI nº 36207005);;;;;CAUTELA_INFORMADA;2026-08-31;2026-11-30
21;1;DIREX;DIRETORIA EXECUTIVA;DIRETORIA;21;34985;COSEF/COLIC;;08016.021381/2026-41;https://sei.mj.gov.br/sei/controlador.php?acao=procedimento_trabalhar&acao_origem=rel_bloco_protocolo_listar&acao_retorno=rel_bloco_protocolo_listar&id_procedimento=41766092&id_bloco=776245&infra_sistema=100000100&infra_unidade_atual=110002723&infra_hash=0d59d338672483a112685453c5758733e59eaec70b5948681b593b4d5f6d9184;Declaração de Cautela e Bens Patrimoniais - COSEF (SEI nº 36207000);;;;;CAUTELA_INFORMADA;2026-08-31;2026-11-30
22;1;DIREX;DIRETORIA EXECUTIVA;DIRETORIA;22;34986;CCONT;;08016.021387/2026-18;;Declaração de Cautela e Bens Patrimoniais - CCONT (SEI nº 36207003);;;;;CAUTELA_INFORMADA;2026-08-31;2026-11-30
23;1;DIREX;DIRETORIA EXECUTIVA;DIRETORIA;23;34989;CGMEAP;4 - Nestor Peres Garcia, SIAPE - 3319804;08016.020906/2026-21;https://sei.mj.gov.br/sei/controlador.php?acao=procedimento_trabalhar&acao_origem=rel_bloco_protocolo_listar&acao_retorno=rel_bloco_protocolo_listar&id_procedimento=41725437&id_bloco=776245&infra_sistema=100000100&infra_unidade_atual=110002723&infra_hash=894ac3f027a2a675359c6be3b203f6ddcb0a0bbc312da1d2d191bfc205afe49d;;;;;;PROCESSO_AUTUADO;2026-08-31;2026-11-30
24;1;DIREX;DIRETORIA EXECUTIVA;DIRETORIA;24;34990;COENA;;08016.020953/2026-74;https://sei.mj.gov.br/sei/controlador.php?acao=procedimento_trabalhar&acao_origem=rel_bloco_protocolo_listar&acao_retorno=rel_bloco_protocolo_listar&id_procedimento=41730183&id_bloco=776245&infra_sistema=100000100&infra_unidade_atual=110002723&infra_hash=6e6a9845c699d5d24b53a6fa74f034803c07f9c0e5a2057779c1651c040c57c1;;;;;;PROCESSO_AUTUADO;2026-08-31;2026-11-30
25;1;DIREX;DIRETORIA EXECUTIVA;DIRETORIA;25;34991;CGLOG;;08016.021164/2026-51;https://sei.mj.gov.br/sei/controlador.php?acao=procedimento_trabalhar&acao_origem=rel_bloco_protocolo_listar&acao_retorno=rel_bloco_protocolo_listar&id_procedimento=41751399&id_bloco=776245&infra_sistema=100000100&infra_unidade_atual=110002723&infra_hash=2ef177f9be376420f716169967afbe6240f764b12e715164eaaae858644b5686;;;;;;PROCESSO_AUTUADO;2026-08-31;2026-11-30
26;1;DIREX;DIRETORIA EXECUTIVA;DIRETORIA;26;34992;DPAT-SALA;;08016.021162/2026-61;https://sei.mj.gov.br/sei/controlador.php?acao=procedimento_trabalhar&acao_origem=rel_bloco_protocolo_listar&acao_retorno=rel_bloco_protocolo_listar&id_procedimento=41751338&id_bloco=776245&infra_sistema=100000100&infra_unidade_atual=110002723&infra_hash=e500a89e3c84ef8d336abe6bfff586348deb607161ca8b758939dc2322f31cd6;;;;;;PROCESSO_AUTUADO;2026-08-31;2026-11-30
27;1;DIREX;DIRETORIA EXECUTIVA;DIRETORIA;27;91387;COFIN;;08016.021574/2026-00;;Declaração de Cautela Bens Patrimoniais - DICONT (SEI nº 36201032);;;;;CAUTELA_INFORMADA;2026-08-31;2026-11-30
28;1;DIREX;DIRETORIA EXECUTIVA;DIRETORIA;28;91399;DDPE;;08016.020954/2026-19;https://sei.mj.gov.br/sei/controlador.php?acao=procedimento_trabalhar&acao_origem=rel_bloco_protocolo_listar&acao_retorno=rel_bloco_protocolo_listar&id_procedimento=41730185&id_bloco=776245&infra_sistema=100000100&infra_unidade_atual=110002723&infra_hash=ca62be0b223b030769cfb6505162418a53441c9a1c31cb7683778ce3f35f2a09;;;;;;PROCESSO_AUTUADO;2026-08-31;2026-11-30
29;1;DIREX;DIRETORIA EXECUTIVA;DIRETORIA;29;91403;DSGET;;08016.021157/2026-59;https://sei.mj.gov.br/sei/controlador.php?acao=procedimento_trabalhar&acao_origem=rel_bloco_protocolo_listar&acao_retorno=rel_bloco_protocolo_listar&id_procedimento=41751246&id_bloco=776245&infra_sistema=100000100&infra_unidade_atual=110002723&infra_hash=1057e034df97e12b36d0ceb8a2bfab0c7f9810fd65abfde012b6bf04ec1aa82f;;;;;;PROCESSO_AUTUADO;2026-08-31;2026-11-30
30;1;DIREX;DIRETORIA EXECUTIVA;DIRETORIA;30;92505;DPAT-DEPÓSITO;;08016.021576/2026-91;https://sei.mj.gov.br/sei/controlador.php?acao=procedimento_trabalhar&acao_origem=rel_bloco_protocolo_listar&acao_retorno=rel_bloco_protocolo_listar&id_procedimento=41780654&id_bloco=776245&infra_sistema=100000100&infra_unidade_atual=110002723&infra_hash=6de5befea0a0b9e10e9d06a5250f9a962cb12e47a2737fccb53fc115f63de4e2;Declaração de Cautelas Patrimoniais - DPAT-SENAPPEN (SEI nº 36798433);;;;;CAUTELA_INFORMADA;2026-08-31;2026-11-30
31;1;DIREX;DIRETORIA EXECUTIVA;DIRETORIA;31;101988;DPAT-VIGILANTES;;08016.021578/2026-80;https://sei.mj.gov.br/sei/controlador.php?acao=procedimento_trabalhar&acao_origem=rel_bloco_protocolo_listar&acao_retorno=rel_bloco_protocolo_listar&id_procedimento=41780736&id_bloco=776245&infra_sistema=100000100&infra_unidade_atual=110002723&infra_hash=80eb99e918678a7da264817d4e5dc86abb790dac9c91d09d062f618644fc3076;;;;;;PROCESSO_AUTUADO;2026-08-31;2026-11-30
32;1;DIREX;DIRETORIA EXECUTIVA;DIRETORIA;32;101989;DPAT-BRIGADA;;08016.021580/2026-59;https://sei.mj.gov.br/sei/controlador.php?acao=procedimento_trabalhar&acao_origem=rel_bloco_protocolo_listar&acao_retorno=rel_bloco_protocolo_listar&id_procedimento=41780791&id_bloco=776245&infra_sistema=100000100&infra_unidade_atual=110002723&infra_hash=b33b1c85e5ebb5f56189476d1827bea6fa6380a73fa07092878b5fa03cb0af7f;;;;;;PROCESSO_AUTUADO;2026-08-31;2026-11-30
33;1;DIREX;DIRETORIA EXECUTIVA;DIRETORIA;33;106922;DPAT-REFEITÓRIO;;08016.021586/2026-26;https://sei.mj.gov.br/sei/controlador.php?acao=procedimento_trabalhar&acao_origem=rel_bloco_protocolo_listar&acao_retorno=rel_bloco_protocolo_listar&id_procedimento=41780934&id_bloco=776245&infra_sistema=100000100&infra_unidade_atual=110002723&infra_hash=af68d52c41ad9f3dc71f9c2943744a7f115f830b5785fd86ee139ab378f710e2;;;;;;PROCESSO_AUTUADO;2026-08-31;2026-11-30
34;1;DIREX;DIRETORIA EXECUTIVA;DIRETORIA;34;135254;CGTI;5 - Douglas Ramon Effting, SIAPE - 3123500                                            6 - Mendel Naschpitz, SIAPE -      871978-3;08016.020804/2026-13;https://sei.mj.gov.br/sei/controlador.php?acao=procedimento_trabalhar&acao_origem=rel_bloco_protocolo_listar&acao_retorno=rel_bloco_protocolo_listar&id_procedimento=41700791&id_bloco=776245&infra_sistema=100000100&infra_unidade_atual=110002723&infra_hash=a7113c254a1042b55782658769f32cf983d6dc715ae3696a5c80896f3efe22db;Declaração de Cautelas Patrimoniais - CGTI/DIREX (SEI nº 36791539);;;;;CAUTELA_INFORMADA;2026-08-31;2026-11-30
35;1;DIREX;DIRETORIA EXECUTIVA;DIRETORIA;35;101775;PROT;;08016.021589/2026-60;https://sei.mj.gov.br/sei/controlador.php?acao=procedimento_trabalhar&acao_origem=rel_bloco_protocolo_listar&acao_retorno=rel_bloco_protocolo_listar&id_procedimento=41780971&id_bloco=776245&infra_sistema=100000100&infra_unidade_atual=110002723&infra_hash=57dd2a888ae4a4e3f9cc530583d070332201443825478994f6e9cf0d2abe9b4a;;;;;;PROCESSO_AUTUADO;2026-08-31;2026-11-30
36;1;DIREX;DIRETORIA EXECUTIVA;DIRETORIA;36;91391;CGOF/SEFOP;;08016.021591/2026-39;https://sei.mj.gov.br/sei/controlador.php?acao=procedimento_trabalhar&acao_origem=rel_bloco_protocolo_listar&acao_retorno=rel_bloco_protocolo_listar&id_procedimento=41781025&id_bloco=776245&infra_sistema=100000100&infra_unidade_atual=110002723&infra_hash=f498f39ebb1255dccae2eb8f4b24cce3663be549ab4bc26dd589212a6bcab53b;;;;;;PROCESSO_AUTUADO;2026-08-31;2026-11-30
37;1;DIREX;DIRETORIA EXECUTIVA;DIRETORIA;37;137518;DEOPF;;08016.021593/2026-28;;;;;;;PROCESSO_AUTUADO;2026-08-31;2026-11-30
38;1;DIREX;DIRETORIA EXECUTIVA;DIRETORIA;38;91385;DEPP;;08016.021600/2026-91;;;;;;;PROCESSO_AUTUADO;2026-08-31;2026-11-30
39;1;DIREX;DIRETORIA EXECUTIVA;DIRETORIA;39;91382;CCD;;NÃO POSSUI CARGA SÓ CAUTELA;;Anexo Declaração COGER (SEI nº 36841292);;;;;CAUTELA_INFORMADA;2026-08-31;2026-11-30
40;1;DIREX;DIRETORIA EXECUTIVA;DIRETORIA;40;34987;DILIC/DISEF;;08016.021388/2026-62;;;;;;;PROCESSO_AUTUADO;2026-08-31;2026-11-30
41;1;DIREX;DIRETORIA EXECUTIVA;DIRETORIA;41;91396;DIGEC/DIPLA;;08016.021391/2026-86;https://sei.mj.gov.br/sei/controlador.php?acao=procedimento_trabalhar&acao_origem=rel_bloco_protocolo_listar&acao_retorno=rel_bloco_protocolo_listar&id_procedimento=41766975&id_bloco=776245&infra_sistema=100000100&infra_unidade_atual=110002723&infra_hash=8cd0a1a8304e9ce5359451e16e4c36b3ea20f43a2e936bbf1fc3b6b5a5532d27;;;;;;PROCESSO_AUTUADO;2026-08-31;2026-11-30
42;2;DPPF;DIRETORIA DE POLÍTICA PENAL FEDERAL;DIRETORIA;1;35010;DDPF;RAFAEL BORGES PEIXOTO - SIAPE 3295531 - Despacho 3662 (36191712);08016.015646/2026-71;https://sei.mj.gov.br/sei/controlador.php?acao=procedimento_trabalhar&acao_origem=rel_bloco_protocolo_listar&acao_retorno=rel_bloco_protocolo_listar&id_procedimento=41025512&id_bloco=776242&infra_sistema=100000100&infra_unidade_atual=110002723&infra_hash=96e4196b8392a6e695adfb623e79c934aa78484271513f33d8c870baa9a4fbfa;Declaração de Bens acautelados DPPF 2026 (36494687);;;;;CAUTELA_INFORMADA;2026-08-31;2026-11-30
43;2;DPPF;DIRETORIA DE POLÍTICA PENAL FEDERAL;DIRETORIA;2;35016;CGSEG;;08016.020986/2026-14;https://sei.mj.gov.br/sei/controlador.php?acao=procedimento_trabalhar&acao_origem=rel_bloco_protocolo_listar&acao_retorno=rel_bloco_protocolo_listar&id_procedimento=41732338&id_bloco=776242&infra_sistema=100000100&infra_unidade_atual=110002723&infra_hash=1c91ac311d6e070257b322f93915f3b8e8f198617c95c3880e524c33fb98ea48;Declaração de cautela de bens patrimoniais (36362849);;;;;CAUTELA_INFORMADA;2026-08-31;2026-11-30
44;2;DPPF;DIRETORIA DE POLÍTICA PENAL FEDERAL;DIRETORIA;3;35012;CGIN;ROSILENE MOURA FERNANDES SIAPE - 2359376 - Despacho 3662 (36191712);08016.020980/2026-47;https://sei.mj.gov.br/sei/controlador.php?acao=procedimento_trabalhar&acao_origem=rel_bloco_protocolo_listar&acao_retorno=rel_bloco_protocolo_listar&id_procedimento=41731729&id_bloco=776242&infra_sistema=100000100&infra_unidade_atual=110002723&infra_hash=93ee880cff12f75d19dca36164234def6b95fb0f8fda0e80978dc3c6d7dc4791;Declaração de Cautelas de Bens - CGIN/DPPF 2026 (36763514);;;;;CAUTELA_INFORMADA;2026-08-31;2026-11-30
45;2;DPPF;DIRETORIA DE POLÍTICA PENAL FEDERAL;DIRETORIA;4;35014;CGAP;LIANNE DE OLIVEIRA CRUZ - SIAPE 3294667  - Despacho 3662 (36191712);08016.020970/2026-10;https://sei.mj.gov.br/sei/controlador.php?acao=procedimento_trabalhar&acao_origem=rel_bloco_protocolo_listar&acao_retorno=rel_bloco_protocolo_listar&id_procedimento=41730753&id_bloco=776242&infra_sistema=100000100&infra_unidade_atual=110002723&infra_hash=bc3d23a7ecc71c37863d2585ac6064ae989100616ea5ab6702728a80ed296fab;Declaração de Cautela de Bens Patrimoniais - CGAP (SEI nº 36206541);;;;;CAUTELA_INFORMADA;2026-08-31;2026-11-30
46;2;DPPF;DIRETORIA DE POLÍTICA PENAL FEDERAL;DIRETORIA;5;35011;CGCMP;;08016.021622/2026-51;https://sei.mj.gov.br/sei/controlador.php?acao=procedimento_trabalhar&acao_origem=rel_bloco_protocolo_listar&acao_retorno=rel_bloco_protocolo_listar&id_procedimento=41782638&id_bloco=776242&infra_sistema=100000100&infra_unidade_atual=110002723&infra_hash=d8473bb12f7005c001536a6b5e98515293cda3a4da5764fef7a25470c30c6505;;;;;;PROCESSO_AUTUADO;2026-08-31;2026-11-30
47;2;DPPF;DIRETORIA DE POLÍTICA PENAL FEDERAL;DIRETORIA;6;91550;DSOPI;;;;;;;;;PENDENTE_INICIAL;2026-08-31;2026-11-30
48;3;DIRPP;DIRETORIA DE POLÍTICAS PENITENCIÁRIAS;DIRETORIA;1;91630;DITEA;;08016.020665/2026-10;https://sei.mj.gov.br/sei/controlador.php?acao=procedimento_trabalhar&acao_origem=rel_bloco_protocolo_listar&acao_retorno=rel_bloco_protocolo_listar&id_procedimento=41678369&id_bloco=776241&infra_sistema=100000100&infra_unidade_atual=110002723&infra_hash=a43feecedc297b3c100a3dad0dcecd2de5e6f8ab080ea03a5c8501e784fd02bd;;;;;;PROCESSO_AUTUADO;2026-08-31;2026-11-30
49;3;DIRPP;DIRETORIA DE POLÍTICAS PENITENCIÁRIAS;DIRETORIA;2;34995;DIRPP;;08016.020663/2026-21;https://sei.mj.gov.br/sei/controlador.php?acao=procedimento_trabalhar&acao_origem=rel_bloco_protocolo_listar&acao_retorno=rel_bloco_protocolo_listar&id_procedimento=41678357&id_bloco=776241&infra_sistema=100000100&infra_unidade_atual=110002723&infra_hash=c33a11b4ea68dd4dd9b030e9fd125be0f87a6cead57b456180c9d997eb0b7a6e;Declaração de Cautela de Bens Patrimoniais DIRPP (SEI nº 36160029);;;;;CAUTELA_INFORMADA;2026-08-31;2026-11-30
50;3;DIRPP;DIRETORIA DE POLÍTICAS PENITENCIÁRIAS;DIRETORIA;3;35001;COATP;1 - Wesley Ricardo Silva - Despacho 3716 (36484471);08016.020664/2026-75;https://sei.mj.gov.br/sei/controlador.php?acao=procedimento_trabalhar&acao_origem=rel_bloco_protocolo_listar&acao_retorno=rel_bloco_protocolo_listar&id_procedimento=41678361&id_bloco=776241&infra_sistema=100000100&infra_unidade_atual=110002723&infra_hash=6ceeabbf278de180fccce87ffaf489a0f3165e39dbb0cdce0f212ff25735f019;;;;;;PROCESSO_AUTUADO;2026-08-31;2026-11-30
51;3;DIRPP;DIRETORIA DE POLÍTICAS PENITENCIÁRIAS;DIRETORIA;4;91565;DIAGPI;;08016.020666/2026-64;https://sei.mj.gov.br/sei/controlador.php?acao=procedimento_trabalhar&acao_origem=rel_bloco_protocolo_listar&acao_retorno=rel_bloco_protocolo_listar&id_procedimento=41678378&id_bloco=776241&infra_sistema=100000100&infra_unidade_atual=110002723&infra_hash=1fad325841881bd7fb5da16984642299930ad7c82cdf8c07edab4125ec8086c8;;;;;;PROCESSO_AUTUADO;2026-08-31;2026-11-30
52;3;DIRPP;DIRETORIA DE POLÍTICAS PENITENCIÁRIAS;DIRETORIA;5;35002;CGCAP;2 - Breno de Sousa Cartaxo Gomes - Despacho 3716 (36484471);;;Declaração de Cautela de Bens Patrimoniais - DIECE (SEI nº 36209471);;;;;CAUTELA_INFORMADA;2026-08-31;2026-11-30
53;3;DIRPP;DIRETORIA DE POLÍTICAS PENITENCIÁRIAS;DIRETORIA;6;34996;CGGIR;3 - Carlos Carrera da Silveira - Despacho 3716 (36484471);;;;;;;;PENDENTE_INICIAL;2026-08-31;2026-11-30
54;4;DIPEN;DIRETORIA DE INTELIGÊNCIA PENITENCIÁRIA;DIRETORIA;1;35022;DIPEN;"1 - Jhéssica de Oliveira Santos, matrícula nº 2355836
2 - Thays Albertim Oliveira, matrícula nº 1751056
3 - Gilberto Cardoso da Silva, matrícula nº 1552379
4 - Cyro Maisonnete Veloso Neto, matrícula nº 3295528
 5 - Lucas Felipe Moreira Lopo, matrícula nº 3122831
6 - Vicente de Paulo Costa, matrícula nº 2358468";08016.017561/2026-28;https://sei.mj.gov.br/sei/controlador.php?acao=procedimento_trabalhar&acao_origem=rel_bloco_protocolo_listar&acao_retorno=rel_bloco_protocolo_listar&id_procedimento=41319714&id_bloco=776240&infra_sistema=100000100&infra_unidade_atual=110002723&infra_hash=0d3b2a30d34110e9694ecdb3676aa4c4b8bb93afee2b19b7c422f1ecf347b890;Cautela de Bens UORG DIPEN (SEI nº 36769924);;;;;CAUTELA_INFORMADA;2026-08-31;2026-11-30
55;4;DIPEN;DIRETORIA DE INTELIGÊNCIA PENITENCIÁRIA;DIRETORIA;2;56778;CGINT;;08016.017563/2026-17;https://sei.mj.gov.br/sei/controlador.php?acao=procedimento_trabalhar&acao_origem=rel_bloco_protocolo_listar&acao_retorno=rel_bloco_protocolo_listar&id_procedimento=41319746&id_bloco=776240&infra_sistema=100000100&infra_unidade_atual=110002723&infra_hash=9184eafaaf09a802105e80bc7cf6b5704357ec1ca507ef9aef971bbe17ff6db0;Declaração de Cautela de Bens Patrimoniais - Mariele (SEI nº 36177289) e Declaração de Cautelas de Bens -  CGINT (SEI nº 36763439);;;;;CAUTELA_INFORMADA;2026-08-31;2026-11-30
56;4;DIPEN;DIRETORIA DE INTELIGÊNCIA PENITENCIÁRIA;DIRETORIA;3;86712;CODINT;;08016.017565/2026-14;https://sei.mj.gov.br/sei/controlador.php?acao=procedimento_trabalhar&acao_origem=rel_bloco_protocolo_listar&acao_retorno=rel_bloco_protocolo_listar&id_procedimento=41319786&id_bloco=776240&infra_sistema=100000100&infra_unidade_atual=110002723&infra_hash=885347c76afd5c646aa58195069648bbe76cf925e985061bfc97e44bc779b200;Declaração de Cautela de Bens Patrimoniais CODINT (SEI nº 36216307);;;;;CAUTELA_INFORMADA;2026-08-31;2026-11-30
57;4;DIPEN;DIRETORIA DE INTELIGÊNCIA PENITENCIÁRIA;DIRETORIA;4;91592;COPIIN;;08016.017566/2026-51;https://sei.mj.gov.br/sei/controlador.php?acao=procedimento_trabalhar&acao_origem=rel_bloco_protocolo_listar&acao_retorno=rel_bloco_protocolo_listar&id_procedimento=41319816&id_bloco=776240&infra_sistema=100000100&infra_unidade_atual=110002723&infra_hash=2dd42935da25e411c93610f511e06d22dacbc29c29e7ecb48f411732e26a1346;Declaração de Cautela de Bens Patrimoniais - Glauber França (SEI nº 36175582);;;;;CAUTELA_INFORMADA;2026-08-31;2026-11-30
58;4;DIPEN;DIRETORIA DE INTELIGÊNCIA PENITENCIÁRIA;DIRETORIA;5;35023;CEDAP;;08016.017567/2026-03;https://sei.mj.gov.br/sei/controlador.php?acao=procedimento_trabalhar&acao_origem=rel_bloco_protocolo_listar&acao_retorno=rel_bloco_protocolo_listar&id_procedimento=41319842&id_bloco=776240&infra_sistema=100000100&infra_unidade_atual=110002723&infra_hash=fac3594f3551fed406d7d5b8c452e29a7a7e6b876a99fa286ce194ca481630e9;Declaração de Cautelas - CEDAP (SEI nº 36593982);;;;;CAUTELA_INFORMADA;2026-08-31;2026-11-30
59;4;DIPEN;DIRETORIA DE INTELIGÊNCIA PENITENCIÁRIA;DIRETORIA;6;85361;CGCINP;;08016.017564/2026-61;https://sei.mj.gov.br/sei/controlador.php?acao=procedimento_trabalhar&acao_origem=rel_bloco_protocolo_listar&acao_retorno=rel_bloco_protocolo_listar&id_procedimento=41319774&id_bloco=776240&infra_sistema=100000100&infra_unidade_atual=110002723&infra_hash=f5869dac1555a46d9c15431de362c92e54acef7581fab233596d4a1f24cb0556;Declaração de Cautela - CGCINP (36362518);;;;;CAUTELA_INFORMADA;2026-08-31;2026-11-30
60;4;DIPEN;DIRETORIA DE INTELIGÊNCIA PENITENCIÁRIA;DIRETORIA;7;91581;DAIP/CGINT;;NÃO POSSUI BENS NA CARGA, SOMENTE CAUTELA;;Declaração Cautela de Bens Patrimoniais DAIP (SEI nº 36279601);;;;;CAUTELA_INFORMADA;2026-08-31;2026-11-30
61;4;DIPEN;DIRETORIA DE INTELIGÊNCIA PENITENCIÁRIA;DIRETORIA;8;39084;ALMOX;;NÃO POSSUI BENS NA CARGA, SOMENTE CAUTELA;;Declaração de Cautela de Bens Patrimoniais - Delmondes (SEI nº 36177816);;;;;CAUTELA_INFORMADA;2026-08-31;2026-11-30
62;5;DICAP;DIRETORIA DE CIDADANIA E ALTERNATIVAS PENAIS;DIRETORIA;1;110315;COMEL;;08016.020853/2026-48;https://sei.mj.gov.br/sei/controlador.php?acao=procedimento_trabalhar&acao_origem=rel_bloco_protocolo_listar&acao_retorno=rel_bloco_protocolo_listar&id_procedimento=41721294&id_bloco=776239&infra_sistema=100000100&infra_unidade_atual=110002723&infra_hash=f4e85aff02f1d09821ab72df180cfb20a74144e10261aacebebea198535886e1;;;;;;PROCESSO_AUTUADO;2026-08-31;2026-11-30
63;5;DICAP;DIRETORIA DE CIDADANIA E ALTERNATIVAS PENAIS;DIRETORIA;2;110313;SAGI;;08016.021393/2026-75;;Declaração de Cautela e Bens Patrimoniais - SAGI (SEI nº 36191771);;;;;CAUTELA_INFORMADA;2026-08-31;2026-11-30
64;5;DICAP;DIRETORIA DE CIDADANIA E ALTERNATIVAS PENAIS;DIRETORIA;3;110286;CGER;Luís Paulo Amyr Oliveira Sousa, matrícula Siape nº 1152362 - Despacho 2490 (36223813);08016.021595/2026-17;;Declaração DE CAUTELAS DICAP/CGER (SEI nº 36177880);;;;;CAUTELA_INFORMADA;2026-08-31;2026-11-30
65;5;DICAP;DIRETORIA DE CIDADANIA E ALTERNATIVAS PENAIS;DIRETORIA;4;110314;CNAPE;;08016.021117/2026-15;https://sei.mj.gov.br/sei/controlador.php?acao=procedimento_trabalhar&acao_origem=rel_bloco_protocolo_listar&acao_retorno=rel_bloco_protocolo_listar&id_procedimento=41748590&id_bloco=776239&infra_sistema=100000100&infra_unidade_atual=110002723&infra_hash=9f57d08d06b108fece1eb47d07c8537a36128ad8aaca571f028ad1c9f661b29a;Declaração de Cautela de Bens Patrimoniais CNAPE (SEI nº 36618579);;;;;CAUTELA_INFORMADA;2026-08-31;2026-11-30
66;5;DICAP;DIRETORIA DE CIDADANIA E ALTERNATIVAS PENAIS;DIRETORIA;5;110317;COAPE;;08016.020784/2026-72;https://sei.mj.gov.br/sei/controlador.php?acao=procedimento_trabalhar&acao_origem=rel_bloco_protocolo_listar&acao_retorno=rel_bloco_protocolo_listar&id_procedimento=41698688&id_bloco=776239&infra_sistema=100000100&infra_unidade_atual=110002723&infra_hash=6a741e5726ad086d5caa313633fc2e64583fd6dd30d610c1accaacc161f8f062;;;;;;PROCESSO_AUTUADO;2026-08-31;2026-11-30
67;5;DICAP;DIRETORIA DE CIDADANIA E ALTERNATIVAS PENAIS;DIRETORIA;6;110316;COIR;Aécio Argos Madureira Carneiro, matrícula Siape nº 3540288 - Despacho 2490 (36223813);08016.020825/2026-21;https://sei.mj.gov.br/sei/controlador.php?acao=procedimento_trabalhar&acao_origem=rel_bloco_protocolo_listar&acao_retorno=rel_bloco_protocolo_listar&id_procedimento=41703907&id_bloco=776239&infra_sistema=100000100&infra_unidade_atual=110002723&infra_hash=98e2ce30e54aa48d84c60c3d8b64bbe97df0ddc6d07815d01fd42945f3721752;Declaração de Cautela de Bens Patrimoniais – COIR/DICAP (SEI nº 36209480);;;;;CAUTELA_INFORMADA;2026-08-31;2026-11-30
68;5;DICAP;DIRETORIA DE CIDADANIA E ALTERNATIVAS PENAIS;DIRETORIA;7;110318;CNDP;André Pereira Rodrigues Godoi, matrícula Siape nº 3480749 - Despacho 2490 (36223813);08016.020915/2026-11;https://sei.mj.gov.br/sei/controlador.php?acao=procedimento_trabalhar&acao_origem=rel_bloco_protocolo_listar&acao_retorno=rel_bloco_protocolo_listar&id_procedimento=41726197&id_bloco=776239&infra_sistema=100000100&infra_unidade_atual=110002723&infra_hash=083c2555dfac6992a12734533cb5336b6b2b18da3ca318d9a22061a6a452c654;Declaração de Cautela de Bens Patrimoniais (SEI nº 36169155);;;;;CAUTELA_INFORMADA;2026-08-31;2026-11-30
69;5;DICAP;DIRETORIA DE CIDADANIA E ALTERNATIVAS PENAIS;DIRETORIA;8;136467;CNRV;;08016.020801/2026-71;https://sei.mj.gov.br/sei/controlador.php?acao=procedimento_trabalhar&acao_origem=rel_bloco_protocolo_listar&acao_retorno=rel_bloco_protocolo_listar&id_procedimento=41700528&id_bloco=776239&infra_sistema=100000100&infra_unidade_atual=110002723&infra_hash=e5e1999f2d460b62e0dfcb9bf3809fe6d22275e65b00bbba7dae208bf3b747ab;Declaração de Cautela de Bens Patrimoniais (SEI nº 36165343);;;;;CAUTELA_INFORMADA;2026-08-31;2026-11-30
70;6;PFCG;PENITENCIÁRIA FEDERAL EM CAMPO GRANDE;PENITENCIARIA_FEDERAL;1;35018;DIPF;Portaria 255 (SEI nº 36185723) e Errata (SEI nº 36320213);;;;;;;;PENDENTE_INICIAL;2026-08-31;2026-11-30
71;6;PFCG;PENITENCIÁRIA FEDERAL EM CAMPO GRANDE;PENITENCIARIA_FEDERAL;2;35696;DISED;;;;Declaração de Cautela de Bens - DISED-CG (SEI nº 36642314);;;;;CAUTELA_INFORMADA;2026-08-31;2026-11-30
72;6;PFCG;PENITENCIÁRIA FEDERAL EM CAMPO GRANDE;PENITENCIARIA_FEDERAL;3;35697;DIREB;;;;;;;;;PENDENTE_INICIAL;2026-08-31;2026-11-30
73;6;PFCG;PENITENCIÁRIA FEDERAL EM CAMPO GRANDE;PENITENCIARIA_FEDERAL;4;35698;DISAU;;;;;;;;;PENDENTE_INICIAL;2026-08-31;2026-11-30
74;6;PFCG;PENITENCIÁRIA FEDERAL EM CAMPO GRANDE;PENITENCIARIA_FEDERAL;5;35699;DIAD;;;;;;;;;PENDENTE_INICIAL;2026-08-31;2026-11-30
75;6;PFCG;PENITENCIÁRIA FEDERAL EM CAMPO GRANDE;PENITENCIARIA_FEDERAL;6;105119;SEA;;;;;;;;;PENDENTE_INICIAL;2026-08-31;2026-11-30
76;6;PFCG;PENITENCIÁRIA FEDERAL EM CAMPO GRANDE;PENITENCIARIA_FEDERAL;7;91622;SLC;;;;;;;;;PENDENTE_INICIAL;2026-08-31;2026-11-30
77;6;PFCG;PENITENCIÁRIA FEDERAL EM CAMPO GRANDE;PENITENCIARIA_FEDERAL;8;91623;SEGEP;;;;;;;;;PENDENTE_INICIAL;2026-08-31;2026-11-30
78;6;PFCG;PENITENCIÁRIA FEDERAL EM CAMPO GRANDE;PENITENCIARIA_FEDERAL;9;105120;SEPAT;;;;Declaração CAUTELAS PFCG (SEI nº 36268862);;;;;CAUTELA_INFORMADA;2026-08-31;2026-11-30
79;6;PFCG;PENITENCIÁRIA FEDERAL EM CAMPO GRANDE;PENITENCIARIA_FEDERAL;10;105122;NUTRANS;;;;;;;;;PENDENTE_INICIAL;2026-08-31;2026-11-30
80;6;PFCG;PENITENCIÁRIA FEDERAL EM CAMPO GRANDE;PENITENCIARIA_FEDERAL;11;105128;ATIC;;;;;;;;;PENDENTE_INICIAL;2026-08-31;2026-11-30
81;6;PFCG;PENITENCIÁRIA FEDERAL EM CAMPO GRANDE;PENITENCIARIA_FEDERAL;12;105130;SETOR MONITORAMENTO - SM;;;;;;;;;PENDENTE_INICIAL;2026-08-31;2026-11-30
82;6;PFCG;PENITENCIÁRIA FEDERAL EM CAMPO GRANDE;PENITENCIARIA_FEDERAL;13;105133;SEOF;;;;;;;;;PENDENTE_INICIAL;2026-08-31;2026-11-30
83;6;PFCG;PENITENCIÁRIA FEDERAL EM CAMPO GRANDE;PENITENCIARIA_FEDERAL;14;105134;SEMAN;;;;;;;;;PENDENTE_INICIAL;2026-08-31;2026-11-30
84;6;PFCG;PENITENCIÁRIA FEDERAL EM CAMPO GRANDE;PENITENCIARIA_FEDERAL;15;105136;NEOP;;;;;;;;;PENDENTE_INICIAL;2026-08-31;2026-11-30
85;6;PFCG;PENITENCIÁRIA FEDERAL EM CAMPO GRANDE;PENITENCIARIA_FEDERAL;16;105137;NUCOR;;;;;;;;;PENDENTE_INICIAL;2026-08-31;2026-11-30
86;6;PFCG;PENITENCIÁRIA FEDERAL EM CAMPO GRANDE;PENITENCIARIA_FEDERAL;17;105139;CIDIP;;;;;;;;;PENDENTE_INICIAL;2026-08-31;2026-11-30
87;6;PFCG;PENITENCIÁRIA FEDERAL EM CAMPO GRANDE;PENITENCIARIA_FEDERAL;18;35700;DINT;;;;;;;;;PENDENTE_INICIAL;2026-08-31;2026-11-30
88;6;PFCG;PENITENCIÁRIA FEDERAL EM CAMPO GRANDE;PENITENCIARIA_FEDERAL;19;134064;SCG;;;;;;;;;PENDENTE_INICIAL;2026-08-31;2026-11-30
89;6;PFCG;PENITENCIÁRIA FEDERAL EM CAMPO GRANDE;PENITENCIARIA_FEDERAL;20;105114;NUJUR;;;;;;;;;PENDENTE_INICIAL;2026-08-31;2026-11-30
90;6;PFCG;PENITENCIÁRIA FEDERAL EM CAMPO GRANDE;PENITENCIARIA_FEDERAL;21;39081;SEPAT;;;;;;;;;PENDENTE_INICIAL;2026-08-31;2026-11-30
91;6;PFCG;PENITENCIÁRIA FEDERAL EM CAMPO GRANDE;PENITENCIARIA_FEDERAL;22;132887;GAEP;;;;;;;;;PENDENTE_INICIAL;2026-08-31;2026-11-30
92;7;PFCAT;PENITENCIÁRIA FEDERAL EM CATANDUVAS;PENITENCIARIA_FEDERAL;1;35017;DIPF;Portaria 135 (SEI nº 36373976);08117.004723/2026-20;https://sei.mj.gov.br/sei/controlador.php?acao=procedimento_trabalhar&acao_origem=rel_bloco_protocolo_listar&acao_retorno=rel_bloco_protocolo_listar&id_procedimento=41739154&id_bloco=776236&infra_sistema=100000100&infra_unidade_atual=110002723&infra_hash=a3c614c26144b1a98fd5d5907edd1279c7e685ad09921c6b6a772b521c88ee4a;;;;;;PROCESSO_AUTUADO;2026-08-31;2026-11-30
93;7;PFCAT;PENITENCIÁRIA FEDERAL EM CATANDUVAS;PENITENCIARIA_FEDERAL;2;35694;DIAD;;08117.004735/2026-54;https://sei.mj.gov.br/sei/controlador.php?acao=procedimento_trabalhar&acao_origem=rel_bloco_protocolo_listar&acao_retorno=rel_bloco_protocolo_listar&id_procedimento=41746259&id_bloco=776236&infra_sistema=100000100&infra_unidade_atual=110002723&infra_hash=1ee13dec3e3678acf6cbc552cc4db81b3471c4046af9319bb6b24b41985ce3f0;;;;;;PROCESSO_AUTUADO;2026-08-31;2026-11-30
94;7;PFCAT;PENITENCIÁRIA FEDERAL EM CATANDUVAS;PENITENCIARIA_FEDERAL;3;35692;DIREB;;08117.004766/2026-13;https://sei.mj.gov.br/sei/controlador.php?acao=procedimento_trabalhar&acao_origem=rel_bloco_protocolo_listar&acao_retorno=rel_bloco_protocolo_listar&id_procedimento=41761778&id_bloco=776236&infra_sistema=100000100&infra_unidade_atual=110002723&infra_hash=3e53d5eba5e52e8b0362a55d47f6a3de321c27d28e180e6b9c059c33291065b4;Declaração de cautela DIREB-CAT (SEI nº 36737731);;;;;CAUTELA_INFORMADA;2026-08-31;2026-11-30
95;7;PFCAT;PENITENCIÁRIA FEDERAL EM CATANDUVAS;PENITENCIARIA_FEDERAL;4;35693;DIREB;;08117.004768/2026-02;;;;;;;PROCESSO_AUTUADO;2026-08-31;2026-11-30
96;7;PFCAT;PENITENCIÁRIA FEDERAL EM CATANDUVAS;PENITENCIARIA_FEDERAL;5;35693;DISAU;;08117.004768/2026-02;https://sei.mj.gov.br/sei/controlador.php?acao=procedimento_trabalhar&acao_origem=rel_bloco_protocolo_listar&acao_retorno=rel_bloco_protocolo_listar&id_procedimento=41761994&id_bloco=776236&infra_sistema=100000100&infra_unidade_atual=110002723&infra_hash=100d33d1b556952c1c96fb6746118a9eba65ab0de241478ed50f63c51c51dc59;;;;;;PROCESSO_AUTUADO;2026-08-31;2026-11-30
97;7;PFCAT;PENITENCIÁRIA FEDERAL EM CATANDUVAS;PENITENCIARIA_FEDERAL;6;35691;DISED;;08117.004769/2026-49;https://sei.mj.gov.br/sei/controlador.php?acao=procedimento_trabalhar&acao_origem=rel_bloco_protocolo_listar&acao_retorno=rel_bloco_protocolo_listar&id_procedimento=41762063&id_bloco=776236&infra_sistema=100000100&infra_unidade_atual=110002723&infra_hash=f627db4578f48f64bb7316f6f1b92a11820b7cbef6c5f260cbc0e9667210ccbc;;;;;;PROCESSO_AUTUADO;2026-08-31;2026-11-30
98;7;PFCAT;PENITENCIÁRIA FEDERAL EM CATANDUVAS;PENITENCIARIA_FEDERAL;7;35695;DINT;;08117.004770/2026-73;;;;;;;PROCESSO_AUTUADO;2026-08-31;2026-11-30
99;7;PFCAT;PENITENCIÁRIA FEDERAL EM CATANDUVAS;PENITENCIARIA_FEDERAL;8;91692;SLC;;08117.004772/2026-62;;Declaração de Cautela de Bens - SLC-CAT (36348255);;;;;CAUTELA_INFORMADA;2026-08-31;2026-11-30
100;7;PFCAT;PENITENCIÁRIA FEDERAL EM CATANDUVAS;PENITENCIARIA_FEDERAL;9;91693;SEGEP;;08117.004774/2026-51;;;;;;;PROCESSO_AUTUADO;2026-08-31;2026-11-30
101;8;PFPV;PENITENCIÁRIA FEDERAL EM PORTO VELHO;PENITENCIARIA_FEDERAL;1;107828;NUCOR;Portaria 244 (36416225);;;;;;;;PENDENTE_INICIAL;2026-08-31;2026-11-30
102;8;PFPV;PENITENCIÁRIA FEDERAL EM PORTO VELHO;PENITENCIARIA_FEDERAL;2;107817;SETRAN;;;;;;;;;PENDENTE_INICIAL;2026-08-31;2026-11-30
103;8;PFPV;PENITENCIÁRIA FEDERAL EM PORTO VELHO;PENITENCIARIA_FEDERAL;3;35710;DIAD;;08120.007021/2026-49;https://sei.mj.gov.br/sei/controlador.php?acao=procedimento_trabalhar&acao_origem=rel_bloco_protocolo_listar&acao_retorno=rel_bloco_protocolo_listar&id_procedimento=41742237&id_bloco=776235&infra_sistema=100000100&infra_unidade_atual=110002723&infra_hash=896ba4ba55e02d99ec3f353d719bee468d0498202202d098c9e8736250c2f88b;;;;;;PROCESSO_AUTUADO;2026-08-31;2026-11-30
104;8;PFPV;PENITENCIÁRIA FEDERAL EM PORTO VELHO;PENITENCIARIA_FEDERAL;4;107827;NUJUR;;;;;;;;;PENDENTE_INICIAL;2026-08-31;2026-11-30
105;8;PFPV;PENITENCIÁRIA FEDERAL EM PORTO VELHO;PENITENCIARIA_FEDERAL;5;107829;PAIOL;;08120.007147/2026-13;https://sei.mj.gov.br/sei/controlador.php?acao=procedimento_trabalhar&acao_origem=rel_bloco_protocolo_listar&acao_retorno=rel_bloco_protocolo_listar&id_procedimento=41773797&id_bloco=776235&infra_sistema=100000100&infra_unidade_atual=110002723&infra_hash=4c4dc9b1642c164cee6a66fc6e2c10944a3c275029ed717f7c84cbd873478f5c;;;;;;PROCESSO_AUTUADO;2026-08-31;2026-11-30
106;8;PFPV;PENITENCIÁRIA FEDERAL EM PORTO VELHO;PENITENCIARIA_FEDERAL;6;107823;NEOP;;08120.007151/2026-81;https://sei.mj.gov.br/sei/controlador.php?acao=procedimento_trabalhar&acao_origem=rel_bloco_protocolo_listar&acao_retorno=rel_bloco_protocolo_listar&id_procedimento=41773814&id_bloco=776235&infra_sistema=100000100&infra_unidade_atual=110002723&infra_hash=8cbbbe46d15c2d84d425f265b1955a34c87b872d1191a719d84259e7f0e59705;;;;;;PROCESSO_AUTUADO;2026-08-31;2026-11-30
107;8;PFPV;PENITENCIÁRIA FEDERAL EM PORTO VELHO;PENITENCIARIA_FEDERAL;7;107826;CODIP;;08120.007154/2026-15;https://sei.mj.gov.br/sei/controlador.php?acao=procedimento_trabalhar&acao_origem=rel_bloco_protocolo_listar&acao_retorno=rel_bloco_protocolo_listar&id_procedimento=41774379&id_bloco=776235&infra_sistema=100000100&infra_unidade_atual=110002723&infra_hash=b5616e4a5d9da8ce8d59fb6fb26bca82d191bef523884560ff462fc064e95099;;;;;;PROCESSO_AUTUADO;2026-08-31;2026-11-30
108;8;PFPV;PENITENCIÁRIA FEDERAL EM PORTO VELHO;PENITENCIARIA_FEDERAL;8;107824;ATIC;;08120.007153/2026-71;https://sei.mj.gov.br/sei/controlador.php?acao=procedimento_trabalhar&acao_origem=rel_bloco_protocolo_listar&acao_retorno=rel_bloco_protocolo_listar&id_procedimento=41774282&id_bloco=776235&infra_sistema=100000100&infra_unidade_atual=110002723&infra_hash=09c7a385e75c47d60aa5c702444f99bec78c70079859c67221ffe26bb8ef1030;;;;;;PROCESSO_AUTUADO;2026-08-31;2026-11-30
109;8;PFPV;PENITENCIÁRIA FEDERAL EM PORTO VELHO;PENITENCIARIA_FEDERAL;9;35709;DISAU;;;;;;;;;PENDENTE_INICIAL;2026-08-31;2026-11-30
110;8;PFPV;PENITENCIÁRIA FEDERAL EM PORTO VELHO;PENITENCIARIA_FEDERAL;10;107818;SEMAN;;08120.007130/2026-66;;;;;;;PROCESSO_AUTUADO;2026-08-31;2026-11-30
111;8;PFPV;PENITENCIÁRIA FEDERAL EM PORTO VELHO;PENITENCIARIA_FEDERAL;11;35711;DINT;;08120.007119/2026-04;https://sei.mj.gov.br/sei/controlador.php?acao=procedimento_trabalhar&acao_origem=rel_bloco_protocolo_listar&acao_retorno=rel_bloco_protocolo_listar&id_procedimento=41764248&id_bloco=776235&infra_sistema=100000100&infra_unidade_atual=110002723&infra_hash=c16015b4f3f0110fb6c1bb2058ce9ab4b7f7fbe8a8b318e943f31c958dc7b3ed;;;;;;PROCESSO_AUTUADO;2026-08-31;2026-11-30
112;8;PFPV;PENITENCIÁRIA FEDERAL EM PORTO VELHO;PENITENCIARIA_FEDERAL;12;91640;SLC;;08120.007121/2026-75;;;;;;;PROCESSO_AUTUADO;2026-08-31;2026-11-30
113;8;PFPV;PENITENCIÁRIA FEDERAL EM PORTO VELHO;PENITENCIARIA_FEDERAL;13;91627;SEGEP;;08120.007129/2026-31;;;;;;;PROCESSO_AUTUADO;2026-08-31;2026-11-30
114;8;PFPV;PENITENCIÁRIA FEDERAL EM PORTO VELHO;PENITENCIARIA_FEDERAL;14;107816;SEPAT-SALA;;08120.007110/2026-95;;Declaração de Cautela de Bens PFPV - 1 (SEI nº 36659064);;;;;CAUTELA_INFORMADA;2026-08-31;2026-11-30
115;8;PFPV;PENITENCIÁRIA FEDERAL EM PORTO VELHO;PENITENCIARIA_FEDERAL;15;39077;SEPAT PENIT;;;;36420441 - 36659091;;;;;CAUTELA_INFORMADA;2026-08-31;2026-11-30
116;8;PFPV;PENITENCIÁRIA FEDERAL EM PORTO VELHO;PENITENCIARIA_FEDERAL;16;107821;SEOF;;;;;;;;;PENDENTE_INICIAL;2026-08-31;2026-11-30
117;8;PFPV;PENITENCIÁRIA FEDERAL EM PORTO VELHO;PENITENCIARIA_FEDERAL;17;107819;SAR;;08120.007148/2026-68;https://sei.mj.gov.br/sei/controlador.php?acao=procedimento_trabalhar&acao_origem=rel_bloco_protocolo_listar&acao_retorno=rel_bloco_protocolo_listar&id_procedimento=41773803&id_bloco=776235&infra_sistema=100000100&infra_unidade_atual=110002723&infra_hash=e6cde40eff2b001744d4587c1df3b56c7228822422eded2d67e7e31277e44d45;;;;;;PROCESSO_AUTUADO;2026-08-31;2026-11-30
118;8;PFPV;PENITENCIÁRIA FEDERAL EM PORTO VELHO;PENITENCIARIA_FEDERAL;18;35708;DIREB;;08120.007061/2026-91;https://sei.mj.gov.br/sei/controlador.php?acao=procedimento_trabalhar&acao_origem=rel_bloco_protocolo_listar&acao_retorno=rel_bloco_protocolo_listar&id_procedimento=41747808&id_bloco=776235&infra_sistema=100000100&infra_unidade_atual=110002723&infra_hash=7b71c6b1e2dc49d30eb8de106db114467df8b244a4d12e6d3faacd6d54f263df;Declaração Declaracao de Cautela de Bens Patrimoniais - DIRE (36375507);;;;;CAUTELA_INFORMADA;2026-08-31;2026-11-30
119;8;PFPV;PENITENCIÁRIA FEDERAL EM PORTO VELHO;PENITENCIARIA_FEDERAL;19;35706;DISED;;08120.007055/2026-33;https://sei.mj.gov.br/sei/controlador.php?acao=procedimento_trabalhar&acao_origem=rel_bloco_protocolo_listar&acao_retorno=rel_bloco_protocolo_listar&id_procedimento=41746703&id_bloco=776235&infra_sistema=100000100&infra_unidade_atual=110002723&infra_hash=c2623b028fbb844c4ac818e21b7016f0a9eda07aa6db5d1c4a466106a2d46c50;;;;;;PROCESSO_AUTUADO;2026-08-31;2026-11-30
120;8;PFPV;PENITENCIÁRIA FEDERAL EM PORTO VELHO;PENITENCIARIA_FEDERAL;20;107830;DISED-PV SALA;;;;;;;;;PENDENTE_INICIAL;2026-08-31;2026-11-30
121;8;PFPV;PENITENCIÁRIA FEDERAL EM PORTO VELHO;PENITENCIARIA_FEDERAL;21;35020;DIPF;;;;;;;;;PENDENTE_INICIAL;2026-08-31;2026-11-30
122;8;PFPV;PENITENCIÁRIA FEDERAL EM PORTO VELHO;PENITENCIARIA_FEDERAL;22;107831;SME;;;;;;;;;PENDENTE_INICIAL;2026-08-31;2026-11-30
123;8;PFPV;PENITENCIÁRIA FEDERAL EM PORTO VELHO;PENITENCIARIA_FEDERAL;23;107822;SASP;;08120.007150/2026-37;https://sei.mj.gov.br/sei/controlador.php?acao=procedimento_trabalhar&acao_origem=rel_bloco_protocolo_listar&acao_retorno=rel_bloco_protocolo_listar&id_procedimento=41773811&id_bloco=776235&infra_sistema=100000100&infra_unidade_atual=110002723&infra_hash=2882324215deb17785bada469cfa5844ce49505091093aa3a0577189b1c922f8;;;;;;PROCESSO_AUTUADO;2026-08-31;2026-11-30
124;8;PFPV;PENITENCIÁRIA FEDERAL EM PORTO VELHO;PENITENCIARIA_FEDERAL;24;107835;BIB;;08120.007156/2026-12;https://sei.mj.gov.br/sei/controlador.php?acao=procedimento_trabalhar&acao_origem=rel_bloco_protocolo_listar&acao_retorno=rel_bloco_protocolo_listar&id_procedimento=41774511&id_bloco=776235&infra_sistema=100000100&infra_unidade_atual=110002723&infra_hash=6ffc1bccb44588d7ad0efac0c5f64e3e831359ebcc1e7c9f50d47489c1feab36;;;;;;PROCESSO_AUTUADO;2026-08-31;2026-11-30
125;8;PFPV;PENITENCIÁRIA FEDERAL EM PORTO VELHO;PENITENCIARIA_FEDERAL;25;107836;SAE;;;;;;;;;PENDENTE_INICIAL;2026-08-31;2026-11-30
126;9;PFMOS;PENITENCIÁRIA FEDERAL EM MOSSORÓ;PENITENCIARIA_FEDERAL;1;114169;AGRO;Portaria 175 (36416194);08119.004688/2026-29;;;;;;;PROCESSO_AUTUADO;2026-08-31;2026-11-30
127;9;PFMOS;PENITENCIÁRIA FEDERAL EM MOSSORÓ;PENITENCIARIA_FEDERAL;2;114172;SETOR JURÍDICO - SJ;;08119.004671/2026-71;;Despacho 533 (SEI nº 36450087);;;;;CAUTELA_INFORMADA;2026-08-31;2026-11-30
128;9;PFMOS;PENITENCIÁRIA FEDERAL EM MOSSORÓ;PENITENCIARIA_FEDERAL;3;114154;MONITORAMENTO;;08119.004701/2026-40;;;;;;;PROCESSO_AUTUADO;2026-08-31;2026-11-30
129;9;PFMOS;PENITENCIÁRIA FEDERAL EM MOSSORÓ;PENITENCIARIA_FEDERAL;4;35704;DIAD;;08119.004686/2026-30;;;;;;;PROCESSO_AUTUADO;2026-08-31;2026-11-30
130;9;PFMOS;PENITENCIÁRIA FEDERAL EM MOSSORÓ;PENITENCIARIA_FEDERAL;5;114179;NEOP;;08119.004674/2026-13;;;;;;;PROCESSO_AUTUADO;2026-08-31;2026-11-30
131;9;PFMOS;PENITENCIÁRIA FEDERAL EM MOSSORÓ;PENITENCIARIA_FEDERAL;6;114170;AGMAP;;08119.004689/2026-73;;;;;;;PROCESSO_AUTUADO;2026-08-31;2026-11-30
132;9;PFMOS;PENITENCIÁRIA FEDERAL EM MOSSORÓ;PENITENCIARIA_FEDERAL;7;35702;DIREB;;08119.004682/2026-51;;;;;;;PROCESSO_AUTUADO;2026-08-31;2026-11-30
133;9;PFMOS;PENITENCIÁRIA FEDERAL EM MOSSORÓ;PENITENCIARIA_FEDERAL;8;114171;ACESSORIA DO GABINETE;;08119.004670/2026-27;;;;;;;PROCESSO_AUTUADO;2026-08-31;2026-11-30
134;9;PFMOS;PENITENCIÁRIA FEDERAL EM MOSSORÓ;PENITENCIARIA_FEDERAL;9;48043;DISAU;;08119.004702/2026-94;;Declaração de Cautela - DISAU-MOS (SEI nº 36266430);;;;;CAUTELA_INFORMADA;2026-08-31;2026-11-30
135;9;PFMOS;PENITENCIÁRIA FEDERAL EM MOSSORÓ;PENITENCIARIA_FEDERAL;10;91625;SERVIÇO DE GESTÃO DE PESSOAS - SEGEP-MOS;;08119.004703/2026-39;;;;;;;PROCESSO_AUTUADO;2026-08-31;2026-11-30
136;9;PFMOS;PENITENCIÁRIA FEDERAL EM MOSSORÓ;PENITENCIARIA_FEDERAL;11;114157;SALA ATIC - MOS;;08119.004664/2026-70;;;;;;;PROCESSO_AUTUADO;2026-08-31;2026-11-30
137;9;PFMOS;PENITENCIÁRIA FEDERAL EM MOSSORÓ;PENITENCIARIA_FEDERAL;12;114174;COMISSÃO DISCIPLINAR;;08119.004672/2026-16;;;;;;;PROCESSO_AUTUADO;2026-08-31;2026-11-30
138;9;PFMOS;PENITENCIÁRIA FEDERAL EM MOSSORÓ;PENITENCIARIA_FEDERAL;13;35705;DINT;;08119.004699/2026-17;;;;;;;PROCESSO_AUTUADO;2026-08-31;2026-11-30
139;9;PFMOS;PENITENCIÁRIA FEDERAL EM MOSSORÓ;PENITENCIARIA_FEDERAL;14;114173;NSQV;;08119.004705/2026-28;;Declaração CAUTELAS - NSVQ-MOS (SEI nº 36303963);;;;;CAUTELA_INFORMADA;2026-08-31;2026-11-30
140;9;PFMOS;PENITENCIÁRIA FEDERAL EM MOSSORÓ;PENITENCIARIA_FEDERAL;15;91626;SLC;;;;;;;;;PENDENTE_INICIAL;2026-08-31;2026-11-30
141;9;PFMOS;PENITENCIÁRIA FEDERAL EM MOSSORÓ;PENITENCIARIA_FEDERAL;16;114176;AGOFI;;08119.004690/2026-06;;;;;;;PROCESSO_AUTUADO;2026-08-31;2026-11-30
142;9;PFMOS;PENITENCIÁRIA FEDERAL EM MOSSORÓ;PENITENCIARIA_FEDERAL;17;114177;AGCOMP;;;;;;;;;PENDENTE_INICIAL;2026-08-31;2026-11-30
143;9;PFMOS;PENITENCIÁRIA FEDERAL EM MOSSORÓ;PENITENCIARIA_FEDERAL;18;114175;COGER;;08119.004673/2026-61;;Declaração declaracao_019fd76e-478c-7930-9663-9c194dce8529 ( (SEI nº 36544548);;;;;CAUTELA_INFORMADA;2026-08-31;2026-11-30
144;9;PFMOS;PENITENCIÁRIA FEDERAL EM MOSSORÓ;PENITENCIARIA_FEDERAL;19;114168;AGPAT/AGREC;;08119.004687/2026-84;;Declaração de Cautela de Bens Patrimoniais- AGPAT MOS (SEI nº 36205607);;;;;CAUTELA_INFORMADA;2026-08-31;2026-11-30
145;9;PFMOS;PENITENCIÁRIA FEDERAL EM MOSSORÓ;PENITENCIARIA_FEDERAL;20;39074;SEPAT;;08119.004707/2026-17;;;;;;;PROCESSO_AUTUADO;2026-08-31;2026-11-30
146;9;PFMOS;PENITENCIÁRIA FEDERAL EM MOSSORÓ;PENITENCIARIA_FEDERAL;21;114163;DISED - P1;;08119.004677/2026-49;;;;;;;PROCESSO_AUTUADO;2026-08-31;2026-11-30
147;9;PFMOS;PENITENCIÁRIA FEDERAL EM MOSSORÓ;PENITENCIARIA_FEDERAL;22;114164;DISED - P2;;08119.004678/2026-93;;;;;;;PROCESSO_AUTUADO;2026-08-31;2026-11-30
148;9;PFMOS;PENITENCIÁRIA FEDERAL EM MOSSORÓ;PENITENCIARIA_FEDERAL;23;114165;DISED- ALOJAMENTO;;08119.004679/2026-38;;;;;;;PROCESSO_AUTUADO;2026-08-31;2026-11-30
149;9;PFMOS;PENITENCIÁRIA FEDERAL EM MOSSORÓ;PENITENCIARIA_FEDERAL;24;114167;DISED - ARMARIA;;08119.004681/2026-15;;;;;;;PROCESSO_AUTUADO;2026-08-31;2026-11-30
150;9;PFMOS;PENITENCIÁRIA FEDERAL EM MOSSORÓ;PENITENCIARIA_FEDERAL;25;114162;DISED TORRE;;08119.004676/2026-02;;;;;;;PROCESSO_AUTUADO;2026-08-31;2026-11-30
151;9;PFMOS;PENITENCIÁRIA FEDERAL EM MOSSORÓ;PENITENCIARIA_FEDERAL;26;114166;DISED VIVENCIAS;;08119.004680/2026-62;;;;;;;PROCESSO_AUTUADO;2026-08-31;2026-11-30
152;9;PFMOS;PENITENCIÁRIA FEDERAL EM MOSSORÓ;PENITENCIARIA_FEDERAL;27;119587;AGMAT;;08119.004691/2026-42;;;;;;;PROCESSO_AUTUADO;2026-08-31;2026-11-30
153;9;PFMOS;PENITENCIÁRIA FEDERAL EM MOSSORÓ;PENITENCIARIA_FEDERAL;28;114156;SESO;;08119.004684/2026-41;;;;;;;PROCESSO_AUTUADO;2026-08-31;2026-11-30
154;9;PFMOS;PENITENCIÁRIA FEDERAL EM MOSSORÓ;PENITENCIARIA_FEDERAL;29;128584;SEPED;;08119.004685/2026-95;;;;;;;PROCESSO_AUTUADO;2026-08-31;2026-11-30
155;9;PFMOS;PENITENCIÁRIA FEDERAL EM MOSSORÓ;PENITENCIARIA_FEDERAL;30;114161;REFEITÓRIO;;08119.004669/2026-01;;;;;;;PROCESSO_AUTUADO;2026-08-31;2026-11-30
156;9;PFMOS;PENITENCIÁRIA FEDERAL EM MOSSORÓ;PENITENCIARIA_FEDERAL;31;114160;AUDITORIA;;08119.004668/2026-58;;;;;;;PROCESSO_AUTUADO;2026-08-31;2026-11-30
157;9;PFMOS;PENITENCIÁRIA FEDERAL EM MOSSORÓ;PENITENCIARIA_FEDERAL;32;114159;ATIC SALA RADIO;;08119.004667/2026-11;;;;;;;PROCESSO_AUTUADO;2026-08-31;2026-11-30
158;9;PFMOS;PENITENCIÁRIA FEDERAL EM MOSSORÓ;PENITENCIARIA_FEDERAL;33;114158;SALA ATIC VD;;08119.004666/2026-69;;;;;;;PROCESSO_AUTUADO;2026-08-31;2026-11-30
159;9;PFMOS;PENITENCIÁRIA FEDERAL EM MOSSORÓ;PENITENCIARIA_FEDERAL;34;114155;BIBLIOTECA;;08119.004683/2026-04;;;;;;;PROCESSO_AUTUADO;2026-08-31;2026-11-30
160;9;PFMOS;PENITENCIÁRIA FEDERAL EM MOSSORÓ;PENITENCIARIA_FEDERAL;35;35019;DIREÇÃO;;08119.004663/2026-25;;Declaração CAUTELA DIPF-MOS (ASSESSORIA) (SEI nº 36208217);;;;;CAUTELA_INFORMADA;2026-08-31;2026-11-30
161;9;PFMOS;PENITENCIÁRIA FEDERAL EM MOSSORÓ;PENITENCIARIA_FEDERAL;36;35701;DISED;;08119.004675/2026-50;;;;;;;PROCESSO_AUTUADO;2026-08-31;2026-11-30
162;10;PFBRA;PENITENCIÁRIA FEDERAL EM BRASÍLIA;PENITENCIARIA_FEDERAL;1;35715;DIAD;Portaria 211 (36385472);08016.021371/2026-13;https://sei.mj.gov.br/sei/controlador.php?acao=procedimento_trabalhar&acao_origem=rel_bloco_protocolo_listar&acao_retorno=rel_bloco_protocolo_listar&id_procedimento=41765666&id_bloco=776233&infra_sistema=100000100&infra_unidade_atual=110002723&infra_hash=cb09945943c549de2e62f11d806db2b9eb4d6ad4d2066ff9b4269f24fc0e7069;;;;;;PROCESSO_AUTUADO;2026-08-31;2026-11-30
163;10;PFBRA;PENITENCIÁRIA FEDERAL EM BRASÍLIA;PENITENCIARIA_FEDERAL;2;35714;DISAU;;08016.021343/2026-98;https://sei.mj.gov.br/sei/controlador.php?acao=procedimento_trabalhar&acao_origem=rel_bloco_protocolo_listar&acao_retorno=rel_bloco_protocolo_listar&id_procedimento=41764740&id_bloco=776233&infra_sistema=100000100&infra_unidade_atual=110002723&infra_hash=7482f1431d271099adec58bb90ab7f16d09b75ce23a714748fb403e39872cc9f;;;;;;PROCESSO_AUTUADO;2026-08-31;2026-11-30
164;10;PFBRA;PENITENCIÁRIA FEDERAL EM BRASÍLIA;PENITENCIARIA_FEDERAL;3;131487;CHEFIA DIAD;;08016.021487/2026-44;https://sei.mj.gov.br/sei/controlador.php?acao=procedimento_trabalhar&acao_origem=rel_bloco_protocolo_listar&acao_retorno=rel_bloco_protocolo_listar&id_procedimento=41774500&id_bloco=776233&infra_sistema=100000100&infra_unidade_atual=110002723&infra_hash=e5fbacee19b5a312b696bdfbc0c0251266847fa928c9c45ec33ac5967f9c563c;;;;;;PROCESSO_AUTUADO;2026-08-31;2026-11-30
165;10;PFBRA;PENITENCIÁRIA FEDERAL EM BRASÍLIA;PENITENCIARIA_FEDERAL;4;131488;TRANSPORTE;;08016.021493/2026-00;https://sei.mj.gov.br/sei/controlador.php?acao=procedimento_trabalhar&acao_origem=rel_bloco_protocolo_listar&acao_retorno=rel_bloco_protocolo_listar&id_procedimento=41774730&id_bloco=776233&infra_sistema=100000100&infra_unidade_atual=110002723&infra_hash=844285089aaf5c392390673020d0a2466b10b7d6643f1423a057a627c76fcf8d;;;;;;PROCESSO_AUTUADO;2026-08-31;2026-11-30
166;10;PFBRA;PENITENCIÁRIA FEDERAL EM BRASÍLIA;PENITENCIARIA_FEDERAL;5;131454;DISAU CHEFIA;;08016.021357/2026-10;https://sei.mj.gov.br/sei/controlador.php?acao=procedimento_trabalhar&acao_origem=rel_bloco_protocolo_listar&acao_retorno=rel_bloco_protocolo_listar&id_procedimento=41765179&id_bloco=776233&infra_sistema=100000100&infra_unidade_atual=110002723&infra_hash=8a7769f5a485d3c238b760add4c8296fc4e4090ec5944a54034a2ebd1dd0645d;;;;;;PROCESSO_AUTUADO;2026-08-31;2026-11-30
167;10;PFBRA;PENITENCIÁRIA FEDERAL EM BRASÍLIA;PENITENCIARIA_FEDERAL;6;131489;ALMOXARIFADO;;08016.021346/2026-21;https://sei.mj.gov.br/sei/controlador.php?acao=procedimento_trabalhar&acao_origem=rel_bloco_protocolo_listar&acao_retorno=rel_bloco_protocolo_listar&id_procedimento=41764863&id_bloco=776233&infra_sistema=100000100&infra_unidade_atual=110002723&infra_hash=7f38d89c87ccd2f012cbec560fdfd8bce7dbbf810b9db6cb3f903cf7316d4fb9;;;;;;PROCESSO_AUTUADO;2026-08-31;2026-11-30
168;10;PFBRA;PENITENCIÁRIA FEDERAL EM BRASÍLIA;PENITENCIARIA_FEDERAL;7;131490;SALA PATRIMÔNIO;;08016.021485/2026-55;https://sei.mj.gov.br/sei/controlador.php?acao=procedimento_trabalhar&acao_origem=rel_bloco_protocolo_listar&acao_retorno=rel_bloco_protocolo_listar&id_procedimento=41774461&id_bloco=776233&infra_sistema=100000100&infra_unidade_atual=110002723&infra_hash=a67b08d6d3dc9994d26bb1965610b1f1f12c5ee3bd44bc9c23473198c96531a9;Declaração de Cautela da PFBRA (SEI nº 36316471);;;;;CAUTELA_INFORMADA;2026-08-31;2026-11-30
169;10;PFBRA;PENITENCIÁRIA FEDERAL EM BRASÍLIA;PENITENCIARIA_FEDERAL;8;131491;SEOF;;08016.021324/2026-61;https://sei.mj.gov.br/sei/controlador.php?acao=procedimento_trabalhar&acao_origem=rel_bloco_protocolo_listar&acao_retorno=rel_bloco_protocolo_listar&id_procedimento=41762626&id_bloco=776233&infra_sistema=100000100&infra_unidade_atual=110002723&infra_hash=ef60ac428b9b77d1b919544c0c668102db87dd76383d59f45a38ef6e62127620;;;;;;PROCESSO_AUTUADO;2026-08-31;2026-11-30
170;10;PFBRA;PENITENCIÁRIA FEDERAL EM BRASÍLIA;PENITENCIARIA_FEDERAL;9;131456;PSICOLOGIA;;08016.021365/2026-58;https://sei.mj.gov.br/sei/controlador.php?acao=procedimento_trabalhar&acao_origem=rel_bloco_protocolo_listar&acao_retorno=rel_bloco_protocolo_listar&id_procedimento=41765537&id_bloco=776233&infra_sistema=100000100&infra_unidade_atual=110002723&infra_hash=bc94613fea5dcbfbc76bb318f486ec4dc27792db167c5b26aa37af7863489b35;;;;;;PROCESSO_AUTUADO;2026-08-31;2026-11-30
171;10;PFBRA;PENITENCIÁRIA FEDERAL EM BRASÍLIA;PENITENCIARIA_FEDERAL;10;131492;REFEITÓRIO;;08016.021491/2026-11;https://sei.mj.gov.br/sei/controlador.php?acao=procedimento_trabalhar&acao_origem=rel_bloco_protocolo_listar&acao_retorno=rel_bloco_protocolo_listar&id_procedimento=41774617&id_bloco=776233&infra_sistema=100000100&infra_unidade_atual=110002723&infra_hash=b85eaa31d55e3b52d18aa75d8e31850cbde7e9d16ac174b9a2a60528804e929b;;;;;;PROCESSO_AUTUADO;2026-08-31;2026-11-30
172;10;PFBRA;PENITENCIÁRIA FEDERAL EM BRASÍLIA;PENITENCIARIA_FEDERAL;11;131493;MANUTENÇÃO;;08016.021345/2026-87;https://sei.mj.gov.br/sei/controlador.php?acao=procedimento_trabalhar&acao_origem=rel_bloco_protocolo_listar&acao_retorno=rel_bloco_protocolo_listar&id_procedimento=41764821&id_bloco=776233&infra_sistema=100000100&infra_unidade_atual=110002723&infra_hash=bd4bf3a7291aa17cd9ae9760e9e58ed5140f7b2bdc0a828a55aba8cb68be586e;;;;;;PROCESSO_AUTUADO;2026-08-31;2026-11-30
173;10;PFBRA;PENITENCIÁRIA FEDERAL EM BRASÍLIA;PENITENCIARIA_FEDERAL;12;131899;DENTISTA;;08016.021349/2026-65;https://sei.mj.gov.br/sei/controlador.php?acao=procedimento_trabalhar&acao_origem=rel_bloco_protocolo_listar&acao_retorno=rel_bloco_protocolo_listar&id_procedimento=41764919&id_bloco=776233&infra_sistema=100000100&infra_unidade_atual=110002723&infra_hash=e9fa0cb33e51690c90db84b7ae127fdfb616c99e8c9490616363673463c4d09b;;;;;;PROCESSO_AUTUADO;2026-08-31;2026-11-30
174;10;PFBRA;PENITENCIÁRIA FEDERAL EM BRASÍLIA;PENITENCIARIA_FEDERAL;13;131494;COPA-DIAD;;08016.021372/2026-50;https://sei.mj.gov.br/sei/controlador.php?acao=procedimento_trabalhar&acao_origem=rel_bloco_protocolo_listar&acao_retorno=rel_bloco_protocolo_listar&id_procedimento=41765717&id_bloco=776233&infra_sistema=100000100&infra_unidade_atual=110002723&infra_hash=725324bf27c0359ffefe9e58b2bcddd299621fcdbb38a2664928aa9d5f6fb00c;;;;;;PROCESSO_AUTUADO;2026-08-31;2026-11-30
175;10;PFBRA;PENITENCIÁRIA FEDERAL EM BRASÍLIA;PENITENCIARIA_FEDERAL;14;131462;FARMÁCIA;;08016.021351/2026-34;https://sei.mj.gov.br/sei/controlador.php?acao=procedimento_trabalhar&acao_origem=rel_bloco_protocolo_listar&acao_retorno=rel_bloco_protocolo_listar&id_procedimento=41764973&id_bloco=776233&infra_sistema=100000100&infra_unidade_atual=110002723&infra_hash=16f909b1efcc55c6e72aaa828b83d4076ceddbf1e97ab36b205c57d9378359b3;;;;;;PROCESSO_AUTUADO;2026-08-31;2026-11-30
176;10;PFBRA;PENITENCIÁRIA FEDERAL EM BRASÍLIA;PENITENCIARIA_FEDERAL;15;131495;CORREDOR BLOCO ADMINISTRATIVO;;08016.021488/2026-99;https://sei.mj.gov.br/sei/controlador.php?acao=procedimento_trabalhar&acao_origem=rel_bloco_protocolo_listar&acao_retorno=rel_bloco_protocolo_listar&id_procedimento=41774540&id_bloco=776233&infra_sistema=100000100&infra_unidade_atual=110002723&infra_hash=f7de24019262e23139992746acccb292d721c4ac4d656e58394f93b0baad496f;;;;;;PROCESSO_AUTUADO;2026-08-31;2026-11-30
177;10;PFBRA;PENITENCIÁRIA FEDERAL EM BRASÍLIA;PENITENCIARIA_FEDERAL;16;131464;RECEPÇÃO DISAU;;08016.021353/2026-23;https://sei.mj.gov.br/sei/controlador.php?acao=procedimento_trabalhar&acao_origem=rel_bloco_protocolo_listar&acao_retorno=rel_bloco_protocolo_listar&id_procedimento=41765009&id_bloco=776233&infra_sistema=100000100&infra_unidade_atual=110002723&infra_hash=3c01c65822c47dc16e338aeb2ae7e6efc8f8838974d69255ed188ac69536e462;;;;;;PROCESSO_AUTUADO;2026-08-31;2026-11-30
178;10;PFBRA;PENITENCIÁRIA FEDERAL EM BRASÍLIA;PENITENCIARIA_FEDERAL;17;131496;LIMPEZA;;08016.021483/2026-66;https://sei.mj.gov.br/sei/controlador.php?acao=procedimento_trabalhar&acao_origem=rel_bloco_protocolo_listar&acao_retorno=rel_bloco_protocolo_listar&id_procedimento=41774412&id_bloco=776233&infra_sistema=100000100&infra_unidade_atual=110002723&infra_hash=e2c7adb36ddc0bc567cd1c987608b1da8955729de30c29d6d0d4f5173ada8946;;;;;;PROCESSO_AUTUADO;2026-08-31;2026-11-30
179;10;PFBRA;PENITENCIÁRIA FEDERAL EM BRASÍLIA;PENITENCIARIA_FEDERAL;18;131467;LAVAGEM DISAU;;08016.021356/2026-67;https://sei.mj.gov.br/sei/controlador.php?acao=procedimento_trabalhar&acao_origem=rel_bloco_protocolo_listar&acao_retorno=rel_bloco_protocolo_listar&id_procedimento=41765060&id_bloco=776233&infra_sistema=100000100&infra_unidade_atual=110002723&infra_hash=9908755bed25cd932370f746c24cb314e8fa2e468de0bdb6d04cf25878751da7;;;;;;PROCESSO_AUTUADO;2026-08-31;2026-11-30
180;10;PFBRA;PENITENCIÁRIA FEDERAL EM BRASÍLIA;PENITENCIARIA_FEDERAL;19;91629;SEGEP;;08016.021334/2026-05;https://sei.mj.gov.br/sei/controlador.php?acao=procedimento_trabalhar&acao_origem=rel_bloco_protocolo_listar&acao_retorno=rel_bloco_protocolo_listar&id_procedimento=41764474&id_bloco=776233&infra_sistema=100000100&infra_unidade_atual=110002723&infra_hash=dab7a7780140d458a55cae2c1c4092369dec60a58eabc28bcbf8f637cb185c47;;;;;;PROCESSO_AUTUADO;2026-08-31;2026-11-30
181;10;PFBRA;PENITENCIÁRIA FEDERAL EM BRASÍLIA;PENITENCIARIA_FEDERAL;20;131468;EXPURGO;;08016.021363/2026-69;;;;;;;PROCESSO_AUTUADO;2026-08-31;2026-11-30
182;10;PFBRA;PENITENCIÁRIA FEDERAL EM BRASÍLIA;PENITENCIARIA_FEDERAL;21;91628;SLC - LICITAÇÃO E CONTRATOS;;08016.021368/2026-91;https://sei.mj.gov.br/sei/controlador.php?acao=procedimento_trabalhar&acao_origem=rel_bloco_protocolo_listar&acao_retorno=rel_bloco_protocolo_listar&id_procedimento=41765612&id_bloco=776233&infra_sistema=100000100&infra_unidade_atual=110002723&infra_hash=c142d30ef1edad01f2c1a46b6af27e3b818ef58d0c3bc7245930a532b2ba178b;;;;;;PROCESSO_AUTUADO;2026-08-31;2026-11-30
183;10;PFBRA;PENITENCIÁRIA FEDERAL EM BRASÍLIA;PENITENCIARIA_FEDERAL;22;131469;REPOUSO-DISAU;;08016.021478/2026-53;https://sei.mj.gov.br/sei/controlador.php?acao=procedimento_trabalhar&acao_origem=rel_bloco_protocolo_listar&acao_retorno=rel_bloco_protocolo_listar&id_procedimento=41774236&id_bloco=776233&infra_sistema=100000100&infra_unidade_atual=110002723&infra_hash=174f1fe10fd2a66c8adb87e9caddf32aa7ef371331a9b0df5b5b513a8bef5fb8;;;;;;PROCESSO_AUTUADO;2026-08-31;2026-11-30
184;10;PFBRA;PENITENCIÁRIA FEDERAL EM BRASÍLIA;PENITENCIARIA_FEDERAL;23;39079;SETOR PATRIMÔNIO;;08016.021484/2026-19;https://sei.mj.gov.br/sei/controlador.php?acao=procedimento_trabalhar&acao_origem=rel_bloco_protocolo_listar&acao_retorno=rel_bloco_protocolo_listar&id_procedimento=41774418&id_bloco=776233&infra_sistema=100000100&infra_unidade_atual=110002723&infra_hash=dad7d6dc6baeebba66efc14a11edede01af3d3094d04b08576e8f9d5d767466f;;;;;;PROCESSO_AUTUADO;2026-08-31;2026-11-30
185;10;PFBRA;PENITENCIÁRIA FEDERAL EM BRASÍLIA;PENITENCIARIA_FEDERAL;24;131650;SALA APOIO;;08016.021517/2026-12;https://sei.mj.gov.br/sei/controlador.php?acao=procedimento_trabalhar&acao_origem=rel_bloco_protocolo_listar&acao_retorno=rel_bloco_protocolo_listar&id_procedimento=41775569&id_bloco=776233&infra_sistema=100000100&infra_unidade_atual=110002723&infra_hash=de3074cf92b4f70f8d25922e83a412b377cc364c5aef17434c27cacedcc3ca91;;;;;;PROCESSO_AUTUADO;2026-08-31;2026-11-30
186;10;PFBRA;PENITENCIÁRIA FEDERAL EM BRASÍLIA;PENITENCIARIA_FEDERAL;25;131470;COPA DISAU;;08016.021378/2026-27;https://sei.mj.gov.br/sei/controlador.php?acao=procedimento_trabalhar&acao_origem=rel_bloco_protocolo_listar&acao_retorno=rel_bloco_protocolo_listar&id_procedimento=41766044&id_bloco=776233&infra_sistema=100000100&infra_unidade_atual=110002723&infra_hash=af2d2b97fb34989b1a46bb6840c73006271e8e7280aeb851e55b521e0439ae51;;;;;;PROCESSO_AUTUADO;2026-08-31;2026-11-30
187;10;PFBRA;PENITENCIÁRIA FEDERAL EM BRASÍLIA;PENITENCIARIA_FEDERAL;26;131460;ATENDIMENTO DISAU;;08016.021338/2026-85;https://sei.mj.gov.br/sei/controlador.php?acao=procedimento_trabalhar&acao_origem=rel_bloco_protocolo_listar&acao_retorno=rel_bloco_protocolo_listar&id_procedimento=41764579&id_bloco=776233&infra_sistema=100000100&infra_unidade_atual=110002723&infra_hash=a0ca0e5d44b602b6fd4466f81d94f442e311ba8731fe5d8c96c9e1a4411b78a2;;;;;;PROCESSO_AUTUADO;2026-08-31;2026-11-30
188;10;PFBRA;PENITENCIÁRIA FEDERAL EM BRASÍLIA;PENITENCIARIA_FEDERAL;27;35021;DIPF;;08016.021311/2026-92;https://sei.mj.gov.br/sei/controlador.php?acao=procedimento_trabalhar&acao_origem=rel_bloco_protocolo_listar&acao_retorno=rel_bloco_protocolo_listar&id_procedimento=41761920&id_bloco=776233&infra_sistema=100000100&infra_unidade_atual=110002723&infra_hash=b6f2e307d33b98116f99195f143b5276253b25ad34b909b07027266061412698;;;;;;PROCESSO_AUTUADO;2026-08-31;2026-11-30
189;10;PFBRA;PENITENCIÁRIA FEDERAL EM BRASÍLIA;PENITENCIARIA_FEDERAL;28;131323;GABINETE DIREÇÃO;;08016.021490/2026-68;https://sei.mj.gov.br/sei/controlador.php?acao=procedimento_trabalhar&acao_origem=rel_bloco_protocolo_listar&acao_retorno=rel_bloco_protocolo_listar&id_procedimento=41774592&id_bloco=776233&infra_sistema=100000100&infra_unidade_atual=110002723&infra_hash=76c3175f655d672ebde829d960744e81669a72c63377a8679abd61d8645add42;;;;;;PROCESSO_AUTUADO;2026-08-31;2026-11-30
190;10;PFBRA;PENITENCIÁRIA FEDERAL EM BRASÍLIA;PENITENCIARIA_FEDERAL;29;131324;ACESSORIA GABINETE DIREÇÃO;;08016.021489/2026-33;https://sei.mj.gov.br/sei/controlador.php?acao=procedimento_trabalhar&acao_origem=rel_bloco_protocolo_listar&acao_retorno=rel_bloco_protocolo_listar&id_procedimento=41774579&id_bloco=776233&infra_sistema=100000100&infra_unidade_atual=110002723&infra_hash=68b42e017c9bab0199b30737950f6b2c351b39d7aedafa605922474a8adb9532;;;;;;PROCESSO_AUTUADO;2026-08-31;2026-11-30
191;10;PFBRA;PENITENCIÁRIA FEDERAL EM BRASÍLIA;PENITENCIARIA_FEDERAL;30;35712;DISED;;08016.021322/2026-72;https://sei.mj.gov.br/sei/controlador.php?acao=procedimento_trabalhar&acao_origem=rel_bloco_protocolo_listar&acao_retorno=rel_bloco_protocolo_listar&id_procedimento=41762568&id_bloco=776233&infra_sistema=100000100&infra_unidade_atual=110002723&infra_hash=24bab2364768d65d23bf64953d71786586df03741a819708c0bd08efec18801d;;;;;;PROCESSO_AUTUADO;2026-08-31;2026-11-30
192;10;PFBRA;PENITENCIÁRIA FEDERAL EM BRASÍLIA;PENITENCIARIA_FEDERAL;31;131325;RECEPÇÃO TELEFONISTA -BRA;;08016.021377/2026-82;https://sei.mj.gov.br/sei/controlador.php?acao=procedimento_trabalhar&acao_origem=rel_bloco_protocolo_listar&acao_retorno=rel_bloco_protocolo_listar&id_procedimento=41765996&id_bloco=776233&infra_sistema=100000100&infra_unidade_atual=110002723&infra_hash=7163ae60b3994c2fe77c69117ee13d9f84b42a7e4a89762e12ab787ca8a8a05f;;;;;;PROCESSO_AUTUADO;2026-08-31;2026-11-30
193;10;PFBRA;PENITENCIÁRIA FEDERAL EM BRASÍLIA;PENITENCIARIA_FEDERAL;32;131527;DISED CHEFIA;;08016.021376/2026-38;https://sei.mj.gov.br/sei/controlador.php?acao=procedimento_trabalhar&acao_origem=rel_bloco_protocolo_listar&acao_retorno=rel_bloco_protocolo_listar&id_procedimento=41765939&id_bloco=776233&infra_sistema=100000100&infra_unidade_atual=110002723&infra_hash=75eb4d44e475b9bb4a3e7b3dffa59b879abd4f5b974931f7dd27b2861f40415c;;;;;;PROCESSO_AUTUADO;2026-08-31;2026-11-30
194;10;PFBRA;PENITENCIÁRIA FEDERAL EM BRASÍLIA;PENITENCIARIA_FEDERAL;33;131326;JURÍDICO;;08016.021373/2026-02;;;;SGP;;;EM_RELATORIO;2026-08-31;2026-11-30
195;10;PFBRA;PENITENCIÁRIA FEDERAL EM BRASÍLIA;PENITENCIARIA_FEDERAL;34;131528;SALA DA DISED;;08016.021498/2026-24;https://sei.mj.gov.br/sei/controlador.php?acao=procedimento_trabalhar&acao_origem=rel_bloco_protocolo_listar&acao_retorno=rel_bloco_protocolo_listar&id_procedimento=41774862&id_bloco=776233&infra_sistema=100000100&infra_unidade_atual=110002723&infra_hash=9208125c27fc45a4dd328ca4f04acc76464ee34bd4c5945af4158dd877e2d4e1;;;;;;PROCESSO_AUTUADO;2026-08-31;2026-11-30
196;10;PFBRA;PENITENCIÁRIA FEDERAL EM BRASÍLIA;PENITENCIARIA_FEDERAL;35;131327;NEOP;;08016.021506/2026-32;https://sei.mj.gov.br/sei/controlador.php?acao=procedimento_trabalhar&acao_origem=rel_bloco_protocolo_listar&acao_retorno=rel_bloco_protocolo_listar&id_procedimento=41775169&id_bloco=776233&infra_sistema=100000100&infra_unidade_atual=110002723&infra_hash=1fed811c907b0de18ec4bf5e9ae415a2408004307d488a0e6d255874c1fc87fc;;;;;;PROCESSO_AUTUADO;2026-08-31;2026-11-30
197;10;PFBRA;PENITENCIÁRIA FEDERAL EM BRASÍLIA;PENITENCIARIA_FEDERAL;36;131329;ATIC;;08016.021313/2026-81;https://sei.mj.gov.br/sei/controlador.php?acao=procedimento_trabalhar&acao_origem=rel_bloco_protocolo_listar&acao_retorno=rel_bloco_protocolo_listar&id_procedimento=41762243&id_bloco=776233&infra_sistema=100000100&infra_unidade_atual=110002723&infra_hash=0489e285a3a60a9a92af7442438a0e0b070209e4dbafce0e6cd978e1c3a572e4;;;;;;PROCESSO_AUTUADO;2026-08-31;2026-11-30
198;10;PFBRA;PENITENCIÁRIA FEDERAL EM BRASÍLIA;PENITENCIARIA_FEDERAL;37;131529;VIVÊNCIA ALFA;;08016.021497/2026-80;https://sei.mj.gov.br/sei/controlador.php?acao=procedimento_trabalhar&acao_origem=rel_bloco_protocolo_listar&acao_retorno=rel_bloco_protocolo_listar&id_procedimento=41774845&id_bloco=776233&infra_sistema=100000100&infra_unidade_atual=110002723&infra_hash=770a16f4d0a98549a3cb7dd160b253bbb25fd436e084867c9836460083614219;;;;;;PROCESSO_AUTUADO;2026-08-31;2026-11-30
199;10;PFBRA;PENITENCIÁRIA FEDERAL EM BRASÍLIA;PENITENCIARIA_FEDERAL;38;131331;CODIP;;08016.021505/2026-98;https://sei.mj.gov.br/sei/controlador.php?acao=procedimento_trabalhar&acao_origem=rel_bloco_protocolo_listar&acao_retorno=rel_bloco_protocolo_listar&id_procedimento=41775108&id_bloco=776233&infra_sistema=100000100&infra_unidade_atual=110002723&infra_hash=229f34051ee99998c6d6f93aa87921ff47513676b192325551ad565439f20bb8;;;;;;PROCESSO_AUTUADO;2026-08-31;2026-11-30
200;10;PFBRA;PENITENCIÁRIA FEDERAL EM BRASÍLIA;PENITENCIARIA_FEDERAL;39;131530;VIVÊNCIA BRAVO;;;;;;;;;PENDENTE_INICIAL;2026-08-31;2026-11-30
201;10;PFBRA;PENITENCIÁRIA FEDERAL EM BRASÍLIA;PENITENCIARIA_FEDERAL;40;131332;NUCOR;;08016.021319/2026-59;https://sei.mj.gov.br/sei/controlador.php?acao=procedimento_trabalhar&acao_origem=rel_bloco_protocolo_listar&acao_retorno=rel_bloco_protocolo_listar&id_procedimento=41762497&id_bloco=776233&infra_sistema=100000100&infra_unidade_atual=110002723&infra_hash=1024667827b9a13ba87333c91cee94e80e86e391fa0a196fd2b5407e717721a5;;;;;;PROCESSO_AUTUADO;2026-08-31;2026-11-30
202;10;PFBRA;PENITENCIÁRIA FEDERAL EM BRASÍLIA;PENITENCIARIA_FEDERAL;41;131531;VIVÊNCIA CHARLIE;;08016.021479/2026-06;https://sei.mj.gov.br/sei/controlador.php?acao=procedimento_trabalhar&acao_origem=rel_bloco_protocolo_listar&acao_retorno=rel_bloco_protocolo_listar&id_procedimento=41774259&id_bloco=776233&infra_sistema=100000100&infra_unidade_atual=110002723&infra_hash=6720764fec2fffe3706fad881f4902034f7a5df12fc7f22f0c9f4a39b4585f59;;;;;;PROCESSO_AUTUADO;2026-08-31;2026-11-30
203;10;PFBRA;PENITENCIÁRIA FEDERAL EM BRASÍLIA;PENITENCIARIA_FEDERAL;42;131333;AUDITÓRIO;;08016.021504/2026-43;https://sei.mj.gov.br/sei/controlador.php?acao=procedimento_trabalhar&acao_origem=rel_bloco_protocolo_listar&acao_retorno=rel_bloco_protocolo_listar&id_procedimento=41775031&id_bloco=776233&infra_sistema=100000100&infra_unidade_atual=110002723&infra_hash=8d97ace5279a971c13a723517d0cf3d186992732166d2f679ed7d747a63cbd9a;;;;;;PROCESSO_AUTUADO;2026-08-31;2026-11-30
204;10;PFBRA;PENITENCIÁRIA FEDERAL EM BRASÍLIA;PENITENCIARIA_FEDERAL;43;131532;VIVÊNCIA DELTA;;08016.021340/2026-54;https://sei.mj.gov.br/sei/controlador.php?acao=procedimento_trabalhar&acao_origem=rel_bloco_protocolo_listar&acao_retorno=rel_bloco_protocolo_listar&id_procedimento=41764688&id_bloco=776233&infra_sistema=100000100&infra_unidade_atual=110002723&infra_hash=cc01a2654db973be6f8f1cebd804097971cd5aa419c1c6f530be65667bf62be6;;;;;;PROCESSO_AUTUADO;2026-08-31;2026-11-30
205;10;PFBRA;PENITENCIÁRIA FEDERAL EM BRASÍLIA;PENITENCIARIA_FEDERAL;44;131533;ARMARIA;;08016.021336/2026-96;https://sei.mj.gov.br/sei/controlador.php?acao=procedimento_trabalhar&acao_origem=rel_bloco_protocolo_listar&acao_retorno=rel_bloco_protocolo_listar&id_procedimento=41764547&id_bloco=776233&infra_sistema=100000100&infra_unidade_atual=110002723&infra_hash=52370fc551af61ad0ee8657e93e95a26667126a997f87104ee6100c34979a585;;;;;;PROCESSO_AUTUADO;2026-08-31;2026-11-30
206;10;PFBRA;PENITENCIÁRIA FEDERAL EM BRASÍLIA;PENITENCIARIA_FEDERAL;45;131336;SALA DESCOMPRESSÃO;;08016.021503/2026-07;https://sei.mj.gov.br/sei/controlador.php?acao=procedimento_trabalhar&acao_origem=rel_bloco_protocolo_listar&acao_retorno=rel_bloco_protocolo_listar&id_procedimento=41775008&id_bloco=776233&infra_sistema=100000100&infra_unidade_atual=110002723&infra_hash=03fb6b2baa531451a63c066d502b65a5839eb590b6cc5a0f90767067a8eda8ba;;;;;;PROCESSO_AUTUADO;2026-08-31;2026-11-30
207;10;PFBRA;PENITENCIÁRIA FEDERAL EM BRASÍLIA;PENITENCIARIA_FEDERAL;46;131534;TANGO 1;;08016.021481/2026-77;https://sei.mj.gov.br/sei/controlador.php?acao=procedimento_trabalhar&acao_origem=rel_bloco_protocolo_listar&acao_retorno=rel_bloco_protocolo_listar&id_procedimento=41774319&id_bloco=776233&infra_sistema=100000100&infra_unidade_atual=110002723&infra_hash=fd4d812fe5e94297a776e71ac1a8860ff89a3f19955b112b087477bd02ecd089;;;;;;PROCESSO_AUTUADO;2026-08-31;2026-11-30
208;10;PFBRA;PENITENCIÁRIA FEDERAL EM BRASÍLIA;PENITENCIARIA_FEDERAL;47;35713;DIVISÃO DE REABILITAÇÃO;;08016.021253/2026-05;https://sei.mj.gov.br/sei/controlador.php?acao=procedimento_trabalhar&acao_origem=rel_bloco_protocolo_listar&acao_retorno=rel_bloco_protocolo_listar&id_procedimento=41758227&id_bloco=776233&infra_sistema=100000100&infra_unidade_atual=110002723&infra_hash=c1d5709f32beff2f93f4ddd7e177cedfd9d2c484dcf4326adfec697dc8b441de;;;;;;PROCESSO_AUTUADO;2026-08-31;2026-11-30
209;10;PFBRA;PENITENCIÁRIA FEDERAL EM BRASÍLIA;PENITENCIARIA_FEDERAL;48;131535;TANGO 2;;08016.021508/2026-21;https://sei.mj.gov.br/sei/controlador.php?acao=procedimento_trabalhar&acao_origem=rel_bloco_protocolo_listar&acao_retorno=rel_bloco_protocolo_listar&id_procedimento=41775195&id_bloco=776233&infra_sistema=100000100&infra_unidade_atual=110002723&infra_hash=46c4933bda7756a945968120e6463debba153015854fd52009c319a66b51ce35;;;;;;PROCESSO_AUTUADO;2026-08-31;2026-11-30
210;10;PFBRA;PENITENCIÁRIA FEDERAL EM BRASÍLIA;PENITENCIARIA_FEDERAL;49;131536;TANGO 3;;08016.021339/2026-20;;;;;;;PROCESSO_AUTUADO;2026-08-31;2026-11-30
211;10;PFBRA;PENITENCIÁRIA FEDERAL EM BRASÍLIA;PENITENCIARIA_FEDERAL;50;131671;BIBLIOTECA;;08016.021482/2026-11;https://sei.mj.gov.br/sei/controlador.php?acao=procedimento_trabalhar&acao_origem=rel_bloco_protocolo_listar&acao_retorno=rel_bloco_protocolo_listar&id_procedimento=41774346&id_bloco=776233&infra_sistema=100000100&infra_unidade_atual=110002723&infra_hash=6b780e2c96c6e4fc19976b844126b246af9564a46e675fa59bdedccfacb60ba0;;;;;;PROCESSO_AUTUADO;2026-08-31;2026-11-30
212;10;PFBRA;PENITENCIÁRIA FEDERAL EM BRASÍLIA;PENITENCIARIA_FEDERAL;51;131537;TANGO 4;;08016.021342/2026-43;https://sei.mj.gov.br/sei/controlador.php?acao=procedimento_trabalhar&acao_origem=rel_bloco_protocolo_listar&acao_retorno=rel_bloco_protocolo_listar&id_procedimento=41764716&id_bloco=776233&infra_sistema=100000100&infra_unidade_atual=110002723&infra_hash=1043322a4805338e575187f4ecc06759a0632c109e726492e5a86a479eb0bd7a;;;;;;PROCESSO_AUTUADO;2026-08-31;2026-11-30
213;10;PFBRA;PENITENCIÁRIA FEDERAL EM BRASÍLIA;PENITENCIARIA_FEDERAL;52;35716;DINT;;08016.021335/2026-41;https://sei.mj.gov.br/sei/controlador.php?acao=procedimento_trabalhar&acao_origem=rel_bloco_protocolo_listar&acao_retorno=rel_bloco_protocolo_listar&id_procedimento=41764511&id_bloco=776233&infra_sistema=100000100&infra_unidade_atual=110002723&infra_hash=495c1df5d199e955a56cad23b9167b65a48242ee45c6009748d2bfb123e3b591;;;;;;PROCESSO_AUTUADO;2026-08-31;2026-11-30
214;10;PFBRA;PENITENCIÁRIA FEDERAL EM BRASÍLIA;PENITENCIARIA_FEDERAL;53;131538;P1 TÉRREO;;08016.021502/2026-54;https://sei.mj.gov.br/sei/controlador.php?acao=procedimento_trabalhar&acao_origem=rel_bloco_protocolo_listar&acao_retorno=rel_bloco_protocolo_listar&id_procedimento=41774963&id_bloco=776233&infra_sistema=100000100&infra_unidade_atual=110002723&infra_hash=bc449d36a69b380bb405296c42ef6acd72f8caee6b6cf170bfb24c68a20849b2;;;;;;PROCESSO_AUTUADO;2026-08-31;2026-11-30
215;10;PFBRA;PENITENCIÁRIA FEDERAL EM BRASÍLIA;PENITENCIARIA_FEDERAL;54;131539;P1 1° ANDAR;;08016.021480/2026-22;https://sei.mj.gov.br/sei/controlador.php?acao=procedimento_trabalhar&acao_origem=rel_bloco_protocolo_listar&acao_retorno=rel_bloco_protocolo_listar&id_procedimento=41774303&id_bloco=776233&infra_sistema=100000100&infra_unidade_atual=110002723&infra_hash=fa5f863249895cb93ea4a67880b72b624f80e49ec875f0e91b5f85ddc946811b;;;;;;PROCESSO_AUTUADO;2026-08-31;2026-11-30
216;10;PFBRA;PENITENCIÁRIA FEDERAL EM BRASÍLIA;PENITENCIARIA_FEDERAL;55;131540;P2;;08016.021501/2026-18;https://sei.mj.gov.br/sei/controlador.php?acao=procedimento_trabalhar&acao_origem=rel_bloco_protocolo_listar&acao_retorno=rel_bloco_protocolo_listar&id_procedimento=41774917&id_bloco=776233&infra_sistema=100000100&infra_unidade_atual=110002723&infra_hash=9abcf69182c20854ebfd1c3a7c449aa9e6406953fc869f8ed9506f5253be3934;;;;;;PROCESSO_AUTUADO;2026-08-31;2026-11-30
217;10;PFBRA;PENITENCIÁRIA FEDERAL EM BRASÍLIA;PENITENCIARIA_FEDERAL;56;131541;SALA CHEFE DE PLANTÃO;;08016.021494/2026-46;https://sei.mj.gov.br/sei/controlador.php?acao=procedimento_trabalhar&acao_origem=rel_bloco_protocolo_listar&acao_retorno=rel_bloco_protocolo_listar&id_procedimento=41774790&id_bloco=776233&infra_sistema=100000100&infra_unidade_atual=110002723&infra_hash=125361c75927fc9e468389be905f5c92d0e5645c83b087dab57aa6740becfc5c;;;;;;PROCESSO_AUTUADO;2026-08-31;2026-11-30
218;10;PFBRA;PENITENCIÁRIA FEDERAL EM BRASÍLIA;PENITENCIARIA_FEDERAL;57;131542;DORMITÓRIO P2;;08016.021494/2026-46;https://sei.mj.gov.br/sei/controlador.php?acao=procedimento_trabalhar&acao_origem=rel_bloco_protocolo_listar&acao_retorno=rel_bloco_protocolo_listar&id_procedimento=41774790&id_bloco=776233&infra_sistema=100000100&infra_unidade_atual=110002723&infra_hash=125361c75927fc9e468389be905f5c92d0e5645c83b087dab57aa6740becfc5c;;;;;;PROCESSO_AUTUADO;2026-08-31;2026-11-30
219;10;PFBRA;PENITENCIÁRIA FEDERAL EM BRASÍLIA;PENITENCIARIA_FEDERAL;58;146530;RECPRO-BRADNIP/CGINT;;;;;;;;;PENDENTE_INICIAL;2026-08-31;2026-11-30
220;10;PFBRA;PENITENCIÁRIA FEDERAL EM BRASÍLIA;PENITENCIARIA_FEDERAL;59;135278;MONITORAMENTO;;08016.021515/2026-23;https://sei.mj.gov.br/sei/controlador.php?acao=procedimento_trabalhar&acao_origem=rel_bloco_protocolo_listar&acao_retorno=rel_bloco_protocolo_listar&id_procedimento=41775482&id_bloco=776233&infra_sistema=100000100&infra_unidade_atual=110002723&infra_hash=0233032914d2e09e12ebd1d73b560d85524cfee9c994cbab7a08873c6459e8de;;;;;;PROCESSO_AUTUADO;2026-08-31;2026-11-30
221;10;PFBRA;PENITENCIÁRIA FEDERAL EM BRASÍLIA;PENITENCIARIA_FEDERAL;60;135279;DINT APOIO;;08016.021514/2026-89;https://sei.mj.gov.br/sei/controlador.php?acao=procedimento_trabalhar&acao_origem=rel_bloco_protocolo_listar&acao_retorno=rel_bloco_protocolo_listar&id_procedimento=41775414&id_bloco=776233&infra_sistema=100000100&infra_unidade_atual=110002723&infra_hash=89888d31642989ef07880a45c806c13dccc90f43ec3add1cd315e1920a263986;;;;;;PROCESSO_AUTUADO;2026-08-31;2026-11-30
222;10;PFBRA;PENITENCIÁRIA FEDERAL EM BRASÍLIA;PENITENCIARIA_FEDERAL;61;136941;SALA GAEP;;08016.021512/2026-90;https://sei.mj.gov.br/sei/controlador.php?acao=procedimento_trabalhar&acao_origem=rel_bloco_protocolo_listar&acao_retorno=rel_bloco_protocolo_listar&id_procedimento=41775386&id_bloco=776233&infra_sistema=100000100&infra_unidade_atual=110002723&infra_hash=d9ea649c23d1f817c720ac15cee50541ff18f078ca563c3b0c84afc111ff50fa;;;;;;PROCESSO_AUTUADO;2026-08-31;2026-11-30
223;10;PFBRA;PENITENCIÁRIA FEDERAL EM BRASÍLIA;PENITENCIARIA_FEDERAL;62;136991;ACADEMIA;;08016.021510/2026-09;https://sei.mj.gov.br/sei/controlador.php?acao=procedimento_trabalhar&acao_origem=rel_bloco_protocolo_listar&acao_retorno=rel_bloco_protocolo_listar&id_procedimento=41775276&id_bloco=776233&infra_sistema=100000100&infra_unidade_atual=110002723&infra_hash=40a5d04cc9808b0506be13daea385eb7c9fc15ba79c0638eb920d6c663a47e1c;;;;;;PROCESSO_AUTUADO;2026-08-31;2026-11-30
224;10;PFBRA;PENITENCIÁRIA FEDERAL EM BRASÍLIA;PENITENCIARIA_FEDERAL;63;139349;ESTANDE DE TIRO;;08016.021516/2026-78;;;;;;;PROCESSO_AUTUADO;2026-08-31;2026-11-30
